/* LANGUAGE */
INSERT INTO ADM_LANGUAGE (id, version, created, updated, language_code, description_en, creator_id,  updater_id) VALUES (1, 1, CURRENT_TIMESTAMP, NULL, 'DEU', 'allemand', NULL, NULL);
INSERT INTO ADM_LANGUAGE (id, version, created, updated, language_code, description_en, creator_id,  updater_id) VALUES (2, 1, CURRENT_TIMESTAMP, NULL, 'ENG','anglais', NULL, NULL);
INSERT INTO ADM_LANGUAGE (id, version, created, updated, language_code, description_en, creator_id,  updater_id) VALUES (3, 1, CURRENT_TIMESTAMP, NULL, 'ARA','arabe', NULL, NULL);
INSERT INTO ADM_LANGUAGE (id, version, created, updated, language_code, description_en, creator_id,  updater_id) VALUES (4, 1, CURRENT_TIMESTAMP, NULL, 'BUL','bulgare', NULL, NULL);
INSERT INTO ADM_LANGUAGE (id, version, created, updated, language_code, description_en, creator_id,  updater_id) VALUES (5, 1, CURRENT_TIMESTAMP, NULL, 'CAT','catalan', NULL, NULL);
INSERT INTO ADM_LANGUAGE (id, version, created, updated, language_code, description_en, creator_id,  updater_id) VALUES (6, 1, CURRENT_TIMESTAMP, NULL, 'ZHO','chinois', NULL, NULL);
INSERT INTO ADM_LANGUAGE (id, version, created, updated, language_code, description_en, creator_id,  updater_id) VALUES (7, 1, CURRENT_TIMESTAMP, NULL, 'DAN','danois', NULL, NULL);
INSERT INTO ADM_LANGUAGE (id, version, created, updated, language_code, description_en, creator_id,  updater_id) VALUES (8, 1, CURRENT_TIMESTAMP, NULL, 'SPA','espagnol', NULL, NULL);
INSERT INTO ADM_LANGUAGE (id, version, created, updated, language_code, description_en, creator_id,  updater_id) VALUES (9, 1, CURRENT_TIMESTAMP, NULL, 'EST','estonien', NULL, NULL);
INSERT INTO ADM_LANGUAGE (id, version, created, updated, language_code, description_en, creator_id,  updater_id) VALUES (10, 1, CURRENT_TIMESTAMP, NULL, 'FAO','féroïen', NULL, NULL);
INSERT INTO ADM_LANGUAGE (id, version, created, updated, language_code, description_en, creator_id,  updater_id) VALUES (11, 1, CURRENT_TIMESTAMP, NULL, 'FIN','finlandais', NULL, NULL);
INSERT INTO ADM_LANGUAGE (id, version, created, updated, language_code, description_en, creator_id,  updater_id) VALUES (12, 1, CURRENT_TIMESTAMP, NULL, 'FRA','français', NULL, NULL);
INSERT INTO ADM_LANGUAGE (id, version, created, updated, language_code, description_en, creator_id,  updater_id) VALUES (13, 1, CURRENT_TIMESTAMP, NULL, 'ELL','grec', NULL, NULL);
INSERT INTO ADM_LANGUAGE (id, version, created, updated, language_code, description_en, creator_id,  updater_id) VALUES (14, 1, CURRENT_TIMESTAMP, NULL, 'HIN','hindi', NULL, NULL);
INSERT INTO ADM_LANGUAGE (id, version, created, updated, language_code, description_en, creator_id,  updater_id) VALUES (15, 1, CURRENT_TIMESTAMP, NULL, 'HUN','hongrois', NULL, NULL);
INSERT INTO ADM_LANGUAGE (id, version, created, updated, language_code, description_en, creator_id,  updater_id) VALUES (16, 1, CURRENT_TIMESTAMP, NULL, 'ISL','islandais', NULL, NULL);
INSERT INTO ADM_LANGUAGE (id, version, created, updated, language_code, description_en, creator_id,  updater_id) VALUES (17, 1, CURRENT_TIMESTAMP, NULL, 'ITA','italien', NULL, NULL);
INSERT INTO ADM_LANGUAGE (id, version, created, updated, language_code, description_en, creator_id,  updater_id) VALUES (18, 1, CURRENT_TIMESTAMP, NULL, 'JPN','japonais', NULL, NULL);
INSERT INTO ADM_LANGUAGE (id, version, created, updated, language_code, description_en, creator_id,  updater_id) VALUES (19, 1, CURRENT_TIMESTAMP, NULL, 'LAV','letton', NULL, NULL);
INSERT INTO ADM_LANGUAGE (id, version, created, updated, language_code, description_en, creator_id,  updater_id) VALUES (20, 1, CURRENT_TIMESTAMP, NULL, 'LIT','lituanien', NULL, NULL);
INSERT INTO ADM_LANGUAGE (id, version, created, updated, language_code, description_en, creator_id,  updater_id) VALUES (21, 1, CURRENT_TIMESTAMP, NULL, 'NLD','néerlandais', NULL, NULL);
INSERT INTO ADM_LANGUAGE (id, version, created, updated, language_code, description_en, creator_id,  updater_id) VALUES (22, 1, CURRENT_TIMESTAMP, NULL, 'NOR','norvégien', NULL, NULL);
INSERT INTO ADM_LANGUAGE (id, version, created, updated, language_code, description_en, creator_id,  updater_id) VALUES (23, 1, CURRENT_TIMESTAMP, NULL, 'POL','polonais', NULL, NULL);
INSERT INTO ADM_LANGUAGE (id, version, created, updated, language_code, description_en, creator_id,  updater_id) VALUES (24, 1, CURRENT_TIMESTAMP, NULL, 'POR','portugais', NULL, NULL);
INSERT INTO ADM_LANGUAGE (id, version, created, updated, language_code, description_en, creator_id,  updater_id) VALUES (25, 1, CURRENT_TIMESTAMP, NULL, 'RON','roumain', NULL, NULL);
INSERT INTO ADM_LANGUAGE (id, version, created, updated, language_code, description_en, creator_id,  updater_id) VALUES (26, 1, CURRENT_TIMESTAMP, NULL, 'RUS','russe', NULL, NULL);
INSERT INTO ADM_LANGUAGE (id, version, created, updated, language_code, description_en, creator_id,  updater_id) VALUES (27, 1, CURRENT_TIMESTAMP, NULL, 'SRP','serbe', NULL, NULL);
INSERT INTO ADM_LANGUAGE (id, version, created, updated, language_code, description_en, creator_id,  updater_id) VALUES (28, 1, CURRENT_TIMESTAMP, NULL, 'SLK','slovaque', NULL, NULL);
INSERT INTO ADM_LANGUAGE (id, version, created, updated, language_code, description_en, creator_id,  updater_id) VALUES (29, 1, CURRENT_TIMESTAMP, NULL, 'SLV','slovène', NULL, NULL);
INSERT INTO ADM_LANGUAGE (id, version, created, updated, language_code, description_en, creator_id,  updater_id) VALUES (30, 1, CURRENT_TIMESTAMP, NULL, 'SWE','suédois', NULL, NULL);
INSERT INTO ADM_LANGUAGE (id, version, created, updated, language_code, description_en, creator_id,  updater_id) VALUES (31, 1, CURRENT_TIMESTAMP, NULL, 'CES','tchèque', NULL, NULL);
INSERT INTO ADM_LANGUAGE (id, version, created, updated, language_code, description_en, creator_id,  updater_id) VALUES (32, 1, CURRENT_TIMESTAMP, NULL, 'TUR','turc', NULL, NULL);
INSERT INTO ADM_LANGUAGE (id, version, created, updated, language_code, description_en, creator_id,  updater_id) VALUES (33, 1, CURRENT_TIMESTAMP, NULL, 'GLE','irlandais', NULL, NULL);


/* CURRENCY */
INSERT INTO ADM_CURRENCY (id, version, currency_code, description_en, system_currency, created, updated, creator_id,  updater_id) VALUES (1,1,'AFA','Afghani',true,CURRENT_TIMESTAMP,null,null,null);
INSERT INTO ADM_CURRENCY (id, version, currency_code, description_en, system_currency, created, updated, creator_id,  updater_id) VALUES (2,1,'ZAR','Rand',true,CURRENT_TIMESTAMP,null,null,null);
INSERT INTO ADM_CURRENCY (id, version, currency_code, description_en, system_currency, created, updated, creator_id,  updater_id) VALUES (3,1,'ALL','Lek',true,CURRENT_TIMESTAMP,null,null,null);
INSERT INTO ADM_CURRENCY (id, version, currency_code, description_en, system_currency, created, updated, creator_id,  updater_id) VALUES (4,1,'DZD','Dinar algérien',true,CURRENT_TIMESTAMP,null,null,null);
INSERT INTO ADM_CURRENCY (id, version, currency_code, description_en, system_currency, created, updated, creator_id,  updater_id) VALUES (5,1,'EUR','Euro',true,CURRENT_TIMESTAMP,null,null,null);
INSERT INTO ADM_CURRENCY (id, version, currency_code, description_en, system_currency, created, updated, creator_id,  updater_id) VALUES (6,1,'AOA','Kwanza',true,CURRENT_TIMESTAMP,null,null,null);
INSERT INTO ADM_CURRENCY (id, version, currency_code, description_en, system_currency, created, updated, creator_id,  updater_id) VALUES (7,1,'XCD','Dollar des Cara bes de lEst',true,CURRENT_TIMESTAMP,null,null,null);
INSERT INTO ADM_CURRENCY (id, version, currency_code, description_en, system_currency, created, updated, creator_id,  updater_id) VALUES (8,1,'ANG','Florin des Antilles',true,CURRENT_TIMESTAMP,null,null,null);
INSERT INTO ADM_CURRENCY (id, version, currency_code, description_en, system_currency, created, updated, creator_id,  updater_id) VALUES (9,1,'SAR','Riyal saoudien',true,CURRENT_TIMESTAMP,null,null,null);
INSERT INTO ADM_CURRENCY (id, version, currency_code, description_en, system_currency, created, updated, creator_id,  updater_id) VALUES (10,1,'ARS','Peso',true,CURRENT_TIMESTAMP,null,null,null);
INSERT INTO ADM_CURRENCY (id, version, currency_code, description_en, system_currency, created, updated, creator_id,  updater_id) VALUES (11,1,'AMD','Dram',true,CURRENT_TIMESTAMP,null,null,null);
INSERT INTO ADM_CURRENCY (id, version, currency_code, description_en, system_currency, created, updated, creator_id,  updater_id) VALUES (12,1,'AWG','Florin d Aruba',true,CURRENT_TIMESTAMP,null,null,null);
INSERT INTO ADM_CURRENCY (id, version, currency_code, description_en, system_currency, created, updated, creator_id,  updater_id) VALUES (13,1,'AUD','Dollar australien',true,CURRENT_TIMESTAMP,null,null,null);
INSERT INTO ADM_CURRENCY (id, version, currency_code, description_en, system_currency, created, updated, creator_id,  updater_id) VALUES (14,1,'AZM','Manat azerbaïdjanais',true,CURRENT_TIMESTAMP,null,null,null);
INSERT INTO ADM_CURRENCY (id, version, currency_code, description_en, system_currency, created, updated, creator_id,  updater_id) VALUES (15,1,'BSD','Dollar des Bahamas',true,CURRENT_TIMESTAMP,null,null,null);
INSERT INTO ADM_CURRENCY (id, version, currency_code, description_en, system_currency, created, updated, creator_id,  updater_id) VALUES (16,1,'BHD','Dinar de Bahreïn',true,CURRENT_TIMESTAMP,null,null,null);
INSERT INTO ADM_CURRENCY (id, version, currency_code, description_en, system_currency, created, updated, creator_id,  updater_id) VALUES (17,1,'BDT','Taka',true,CURRENT_TIMESTAMP,null,null,null);
INSERT INTO ADM_CURRENCY (id, version, currency_code, description_en, system_currency, created, updated, creator_id,  updater_id) VALUES (18,1,'BBD','Dollar de Barbade',true,CURRENT_TIMESTAMP,null,null,null);
INSERT INTO ADM_CURRENCY (id, version, currency_code, description_en, system_currency, created, updated, creator_id,  updater_id) VALUES (19,1,'BZD','Dollar de Belize',true,CURRENT_TIMESTAMP,null,null,null);
INSERT INTO ADM_CURRENCY (id, version, currency_code, description_en, system_currency, created, updated, creator_id,  updater_id) VALUES (20,1,'XOF','Franc CFA - BCEAO',true,CURRENT_TIMESTAMP,null,null,null);
INSERT INTO ADM_CURRENCY (id, version, currency_code, description_en, system_currency, created, updated, creator_id,  updater_id) VALUES (21,1,'BMD','Dollar des Bermudes',true,CURRENT_TIMESTAMP,null,null,null);
INSERT INTO ADM_CURRENCY (id, version, currency_code, description_en, system_currency, created, updated, creator_id,  updater_id) VALUES (22,1,'BTN','Ngultrum',true,CURRENT_TIMESTAMP,null,null,null);
INSERT INTO ADM_CURRENCY (id, version, currency_code, description_en, system_currency, created, updated, creator_id,  updater_id) VALUES (23,1,'BYR','Rouble biãlorussie',true,CURRENT_TIMESTAMP,null,null,null);
INSERT INTO ADM_CURRENCY (id, version, currency_code, description_en, system_currency, created, updated, creator_id,  updater_id) VALUES (24,1,'BOB','Boliviano',true,CURRENT_TIMESTAMP,null,null,null);
INSERT INTO ADM_CURRENCY (id, version, currency_code, description_en, system_currency, created, updated, creator_id,  updater_id) VALUES (25,1,'BAM','Mark bosniaque convertible',true,CURRENT_TIMESTAMP,null,null,null);
INSERT INTO ADM_CURRENCY (id, version, currency_code, description_en, system_currency, created, updated, creator_id,  updater_id) VALUES (26,1,'BWP','Pula',true,CURRENT_TIMESTAMP,null,null,null);
INSERT INTO ADM_CURRENCY (id, version, currency_code, description_en, system_currency, created, updated, creator_id,  updater_id) VALUES (27,1,'BRL','Real',true,CURRENT_TIMESTAMP,null,null,null);
INSERT INTO ADM_CURRENCY (id, version, currency_code, description_en, system_currency, created, updated, creator_id,  updater_id) VALUES (28,1,'BND','Dollar de Brunéi',true,CURRENT_TIMESTAMP,null,null,null);
INSERT INTO ADM_CURRENCY (id, version, currency_code, description_en, system_currency, created, updated, creator_id,  updater_id) VALUES (29,1,'BGN','Lev',true,CURRENT_TIMESTAMP,null,null,null);
INSERT INTO ADM_CURRENCY (id, version, currency_code, description_en, system_currency, created, updated, creator_id,  updater_id) VALUES (30,1,'BIF','Franc du Burundi',true,CURRENT_TIMESTAMP,null,null,null);
INSERT INTO ADM_CURRENCY (id, version, currency_code, description_en, system_currency, created, updated, creator_id,  updater_id) VALUES (31,1,'NOK','Couronne norvégienne',true,CURRENT_TIMESTAMP,null,null,null);
INSERT INTO ADM_CURRENCY (id, version, currency_code, description_en, system_currency, created, updated, creator_id,  updater_id) VALUES (32,1,'KYD','Dollar des îles Caïmanes',true,CURRENT_TIMESTAMP,null,null,null);
INSERT INTO ADM_CURRENCY (id, version, currency_code, description_en, system_currency, created, updated, creator_id,  updater_id) VALUES (33,1,'KHR','Riel',true,CURRENT_TIMESTAMP,null,null,null);
INSERT INTO ADM_CURRENCY (id, version, currency_code, description_en, system_currency, created, updated, creator_id,  updater_id) VALUES (34,1,'XAF','Franc CFA - BEAC',true,CURRENT_TIMESTAMP,null,null,null);
INSERT INTO ADM_CURRENCY (id, version, currency_code, description_en, system_currency, created, updated, creator_id,  updater_id) VALUES (35,1,'CAD','Dollar canadien',true,CURRENT_TIMESTAMP,null,null,null);
INSERT INTO ADM_CURRENCY (id, version, currency_code, description_en, system_currency, created, updated, creator_id,  updater_id) VALUES (36,1,'CVE','Escudo du Cap-Vert',true,CURRENT_TIMESTAMP,null,null,null);
INSERT INTO ADM_CURRENCY (id, version, currency_code, description_en, system_currency, created, updated, creator_id,  updater_id) VALUES (37,1,'CFA','FRANC CFA-BEAC',true,CURRENT_TIMESTAMP,null,null,null);
INSERT INTO ADM_CURRENCY (id, version, currency_code, description_en, system_currency, created, updated, creator_id,  updater_id) VALUES (38,1,'CLP','Peso chilien',true,CURRENT_TIMESTAMP,null,null,null);
INSERT INTO ADM_CURRENCY (id, version, currency_code, description_en, system_currency, created, updated, creator_id,  updater_id) VALUES (39,1,'CNY','Yuan Ren-Min-Bi',true,CURRENT_TIMESTAMP,null,null,null);
INSERT INTO ADM_CURRENCY (id, version, currency_code, description_en, system_currency, created, updated, creator_id,  updater_id) VALUES (40,1,'CYP','Livre chypriote',true,CURRENT_TIMESTAMP,null,null,null);
INSERT INTO ADM_CURRENCY (id, version, currency_code, description_en, system_currency, created, updated, creator_id,  updater_id) VALUES (41,1,'COP','Peso colombien',true,CURRENT_TIMESTAMP,null,null,null);
INSERT INTO ADM_CURRENCY (id, version, currency_code, description_en, system_currency, created, updated, creator_id,  updater_id) VALUES (42,1,'KMF','Franc des Comores',true,CURRENT_TIMESTAMP,null,null,null);
INSERT INTO ADM_CURRENCY (id, version, currency_code, description_en, system_currency, created, updated, creator_id,  updater_id) VALUES (43,1,'CDF','FRANC DU CONGO DEMOCRATIQUE',true,CURRENT_TIMESTAMP,null,null,null);
INSERT INTO ADM_CURRENCY (id, version, currency_code, description_en, system_currency, created, updated, creator_id,  updater_id) VALUES (44,1,'KRW','Won',true,CURRENT_TIMESTAMP,null,null,null);
INSERT INTO ADM_CURRENCY (id, version, currency_code, description_en, system_currency, created, updated, creator_id,  updater_id) VALUES (45,1,'KPW','Won de la Corée du Nord',true,CURRENT_TIMESTAMP,null,null,null);
INSERT INTO ADM_CURRENCY (id, version, currency_code, description_en, system_currency, created, updated, creator_id,  updater_id) VALUES (46,1,'CRC','Colon de Costa Rica',true,CURRENT_TIMESTAMP,null,null,null);
INSERT INTO ADM_CURRENCY (id, version, currency_code, description_en, system_currency, created, updated, creator_id,  updater_id) VALUES (47,1,'HRK','Kuna',true,CURRENT_TIMESTAMP,null,null,null);
INSERT INTO ADM_CURRENCY (id, version, currency_code, description_en, system_currency, created, updated, creator_id,  updater_id) VALUES (48,1,'CUP','Peso cubain',true,CURRENT_TIMESTAMP,null,null,null);
INSERT INTO ADM_CURRENCY (id, version, currency_code, description_en, system_currency, created, updated, creator_id,  updater_id) VALUES (49,1,'USD','Dollar des Etats-unis',true,CURRENT_TIMESTAMP,null,null,null);
INSERT INTO ADM_CURRENCY (id, version, currency_code, description_en, system_currency, created, updated, creator_id,  updater_id) VALUES (50,1,'DKK','Couronne danoise',true,CURRENT_TIMESTAMP,null,null,null);
INSERT INTO ADM_CURRENCY (id, version, currency_code, description_en, system_currency, created, updated, creator_id,  updater_id) VALUES (51,1,'DJF','Franc de Djibouti',true,CURRENT_TIMESTAMP,null,null,null);
INSERT INTO ADM_CURRENCY (id, version, currency_code, description_en, system_currency, created, updated, creator_id,  updater_id) VALUES (52,1,'DOP','Peso dominicain',true,CURRENT_TIMESTAMP,null,null,null);
INSERT INTO ADM_CURRENCY (id, version, currency_code, description_en, system_currency, created, updated, creator_id,  updater_id) VALUES (53,1,'EGP','Livre égyptienne',true,CURRENT_TIMESTAMP,null,null,null);
INSERT INTO ADM_CURRENCY (id, version, currency_code, description_en, system_currency, created, updated, creator_id,  updater_id) VALUES (54,1,'AED','Dirham des émirats arabes unis',true,CURRENT_TIMESTAMP,null,null,null);
INSERT INTO ADM_CURRENCY (id, version, currency_code, description_en, system_currency, created, updated, creator_id,  updater_id) VALUES (55,1,'ERN','Nafka',true,CURRENT_TIMESTAMP,null,null,null);
INSERT INTO ADM_CURRENCY (id, version, currency_code, description_en, system_currency, created, updated, creator_id,  updater_id) VALUES (56,1,'EEK','Couronne d Estonie',true,CURRENT_TIMESTAMP,null,null,null);
INSERT INTO ADM_CURRENCY (id, version, currency_code, description_en, system_currency, created, updated, creator_id,  updater_id) VALUES (57,1,'ETB','Birr éthiopien',true,CURRENT_TIMESTAMP,null,null,null);
INSERT INTO ADM_CURRENCY (id, version, currency_code, description_en, system_currency, created, updated, creator_id,  updater_id) VALUES (58,1,'FKP','Livre de Falkland',true,CURRENT_TIMESTAMP,null,null,null);
INSERT INTO ADM_CURRENCY (id, version, currency_code, description_en, system_currency, created, updated, creator_id,  updater_id) VALUES (59,1,'FJD','Dollar des Fidji',true,CURRENT_TIMESTAMP,null,null,null);
INSERT INTO ADM_CURRENCY (id, version, currency_code, description_en, system_currency, created, updated, creator_id,  updater_id) VALUES (60,1,'GMD','Dalasie',true,CURRENT_TIMESTAMP,null,null,null);
INSERT INTO ADM_CURRENCY (id, version, currency_code, description_en, system_currency, created, updated, creator_id,  updater_id) VALUES (61,1,'GEL','Lari',true,CURRENT_TIMESTAMP,null,null,null);
INSERT INTO ADM_CURRENCY (id, version, currency_code, description_en, system_currency, created, updated, creator_id,  updater_id) VALUES (62,1,'GHC','Cedi ghanéen',true,CURRENT_TIMESTAMP,null,null,null);
INSERT INTO ADM_CURRENCY (id, version, currency_code, description_en, system_currency, created, updated, creator_id,  updater_id) VALUES (63,1,'GIP','Livre de Gibraltar',true,CURRENT_TIMESTAMP,null,null,null);
INSERT INTO ADM_CURRENCY (id, version, currency_code, description_en, system_currency, created, updated, creator_id,  updater_id) VALUES (64,1,'GTQ','Quetzal',true,CURRENT_TIMESTAMP,null,null,null);
INSERT INTO ADM_CURRENCY (id, version, currency_code, description_en, system_currency, created, updated, creator_id,  updater_id) VALUES (65,1,'GBP','Livre sterling',true,CURRENT_TIMESTAMP,null,null,null);
INSERT INTO ADM_CURRENCY (id, version, currency_code, description_en, system_currency, created, updated, creator_id,  updater_id) VALUES (66,1,'GNF','Franc guinéen',true,CURRENT_TIMESTAMP,null,null,null);
INSERT INTO ADM_CURRENCY (id, version, currency_code, description_en, system_currency, created, updated, creator_id,  updater_id) VALUES (67,1,'GYD','Dollar de Guyane',true,CURRENT_TIMESTAMP,null,null,null);
INSERT INTO ADM_CURRENCY (id, version, currency_code, description_en, system_currency, created, updated, creator_id,  updater_id) VALUES (68,1,'HTG','Gourde',true,CURRENT_TIMESTAMP,null,null,null);
INSERT INTO ADM_CURRENCY (id, version, currency_code, description_en, system_currency, created, updated, creator_id,  updater_id) VALUES (69,1,'HNL','Lempira',true,CURRENT_TIMESTAMP,null,null,null);
INSERT INTO ADM_CURRENCY (id, version, currency_code, description_en, system_currency, created, updated, creator_id,  updater_id) VALUES (70,1,'HKD','Dollar de Hong-Kong',true,CURRENT_TIMESTAMP,null,null,null);
INSERT INTO ADM_CURRENCY (id, version, currency_code, description_en, system_currency, created, updated, creator_id,  updater_id) VALUES (71,1,'HUF','Forint',true,CURRENT_TIMESTAMP,null,null,null);
INSERT INTO ADM_CURRENCY (id, version, currency_code, description_en, system_currency, created, updated, creator_id,  updater_id) VALUES (72,1,'NZD','Dollar néo-zélandais',true,CURRENT_TIMESTAMP,null,null,null);
INSERT INTO ADM_CURRENCY (id, version, currency_code, description_en, system_currency, created, updated, creator_id,  updater_id) VALUES (73,1,'INR','Roupie indienne',true,CURRENT_TIMESTAMP,null,null,null);
INSERT INTO ADM_CURRENCY (id, version, currency_code, description_en, system_currency, created, updated, creator_id,  updater_id) VALUES (74,1,'IDR','Rupiah',true,CURRENT_TIMESTAMP,null,null,null);
INSERT INTO ADM_CURRENCY (id, version, currency_code, description_en, system_currency, created, updated, creator_id,  updater_id) VALUES (75,1,'IRR','Rial iranien',true,CURRENT_TIMESTAMP,null,null,null);
INSERT INTO ADM_CURRENCY (id, version, currency_code, description_en, system_currency, created, updated, creator_id,  updater_id) VALUES (76,1,'IQD','Dinar iraquien',true,CURRENT_TIMESTAMP,null,null,null);
INSERT INTO ADM_CURRENCY (id, version, currency_code, description_en, system_currency, created, updated, creator_id,  updater_id) VALUES (77,1,'ISK','Couronne islandaise',true,CURRENT_TIMESTAMP,null,null,null);
INSERT INTO ADM_CURRENCY (id, version, currency_code, description_en, system_currency, created, updated, creator_id,  updater_id) VALUES (78,1,'ILS','Sheqel',true,CURRENT_TIMESTAMP,null,null,null);
INSERT INTO ADM_CURRENCY (id, version, currency_code, description_en, system_currency, created, updated, creator_id,  updater_id) VALUES (79,1,'JMD','Dollar jamaïcain',true,CURRENT_TIMESTAMP,null,null,null);
INSERT INTO ADM_CURRENCY (id, version, currency_code, description_en, system_currency, created, updated, creator_id,  updater_id) VALUES (80,1,'JPY','Yen',true,CURRENT_TIMESTAMP,null,null,null);
INSERT INTO ADM_CURRENCY (id, version, currency_code, description_en, system_currency, created, updated, creator_id,  updater_id) VALUES (81,1,'JOD','Dinar jordanien',true,CURRENT_TIMESTAMP,null,null,null);
INSERT INTO ADM_CURRENCY (id, version, currency_code, description_en, system_currency, created, updated, creator_id,  updater_id) VALUES (82,1,'KZT','Tenge',true,CURRENT_TIMESTAMP,null,null,null);
INSERT INTO ADM_CURRENCY (id, version, currency_code, description_en, system_currency, created, updated, creator_id,  updater_id) VALUES (83,1,'KES','Shilling du Kenya',true,CURRENT_TIMESTAMP,null,null,null);
INSERT INTO ADM_CURRENCY (id, version, currency_code, description_en, system_currency, created, updated, creator_id,  updater_id) VALUES (84,1,'KGS','Som',true,CURRENT_TIMESTAMP,null,null,null);
INSERT INTO ADM_CURRENCY (id, version, currency_code, description_en, system_currency, created, updated, creator_id,  updater_id) VALUES (85,1,'KWD','Dinar koweïtien',true,CURRENT_TIMESTAMP,null,null,null);
INSERT INTO ADM_CURRENCY (id, version, currency_code, description_en, system_currency, created, updated, creator_id,  updater_id) VALUES (86,1,'LAK','Kip',true,CURRENT_TIMESTAMP,null,null,null);
INSERT INTO ADM_CURRENCY (id, version, currency_code, description_en, system_currency, created, updated, creator_id,  updater_id) VALUES (87,1,'LSL','Loti',true,CURRENT_TIMESTAMP,null,null,null);
INSERT INTO ADM_CURRENCY (id, version, currency_code, description_en, system_currency, created, updated, creator_id,  updater_id) VALUES (88,1,'LVL','Lats letton',true,CURRENT_TIMESTAMP,null,null,null);
INSERT INTO ADM_CURRENCY (id, version, currency_code, description_en, system_currency, created, updated, creator_id,  updater_id) VALUES (89,1,'LBP','Livre libanaise',true,CURRENT_TIMESTAMP,null,null,null);
INSERT INTO ADM_CURRENCY (id, version, currency_code, description_en, system_currency, created, updated, creator_id,  updater_id) VALUES (90,1,'LRD','Dollar libérien',true,CURRENT_TIMESTAMP,null,null,null);
INSERT INTO ADM_CURRENCY (id, version, currency_code, description_en, system_currency, created, updated, creator_id,  updater_id) VALUES (91,1,'LYD','Dinar libyen',true,CURRENT_TIMESTAMP,null,null,null);
INSERT INTO ADM_CURRENCY (id, version, currency_code, description_en, system_currency, created, updated, creator_id,  updater_id) VALUES (92,1,'CHF','Franc suisse',true,CURRENT_TIMESTAMP,null,null,null);
INSERT INTO ADM_CURRENCY (id, version, currency_code, description_en, system_currency, created, updated, creator_id,  updater_id) VALUES (93,1,'LTL','Litas lituanien',true,CURRENT_TIMESTAMP,null,null,null);
INSERT INTO ADM_CURRENCY (id, version, currency_code, description_en, system_currency, created, updated, creator_id,  updater_id) VALUES (94,1,'MOP','Pataca',true,CURRENT_TIMESTAMP,null,null,null);
INSERT INTO ADM_CURRENCY (id, version, currency_code, description_en, system_currency, created, updated, creator_id,  updater_id) VALUES (95,1,'MKD','Denar',true,CURRENT_TIMESTAMP,null,null,null);
INSERT INTO ADM_CURRENCY (id, version, currency_code, description_en, system_currency, created, updated, creator_id,  updater_id) VALUES (96,1,'MGA','Ariary malgache',true,CURRENT_TIMESTAMP,null,null,null);
INSERT INTO ADM_CURRENCY (id, version, currency_code, description_en, system_currency, created, updated, creator_id,  updater_id) VALUES (97,1,'MGF','Franc malgache',true,CURRENT_TIMESTAMP,null,null,null);
INSERT INTO ADM_CURRENCY (id, version, currency_code, description_en, system_currency, created, updated, creator_id,  updater_id) VALUES (98,1,'MYR','Ringgit de Malaisie',true,CURRENT_TIMESTAMP,null,null,null);
INSERT INTO ADM_CURRENCY (id, version, currency_code, description_en, system_currency, created, updated, creator_id,  updater_id) VALUES (99,1,'MWK','Kwacha',true,CURRENT_TIMESTAMP,null,null,null);
INSERT INTO ADM_CURRENCY (id, version, currency_code, description_en, system_currency, created, updated, creator_id,  updater_id) VALUES (100,1,'MVR','Rufiyaa',true,CURRENT_TIMESTAMP,null,null,null);
INSERT INTO ADM_CURRENCY (id, version, currency_code, description_en, system_currency, created, updated, creator_id,  updater_id) VALUES (101,1,'MTL','Livre maltaise',true,CURRENT_TIMESTAMP,null,null,null);
INSERT INTO ADM_CURRENCY (id, version, currency_code, description_en, system_currency, created, updated, creator_id,  updater_id) VALUES (102,1,'MAD','Dirham marocain',true,CURRENT_TIMESTAMP,null,null,null);
INSERT INTO ADM_CURRENCY (id, version, currency_code, description_en, system_currency, created, updated, creator_id,  updater_id) VALUES (103,1,'MUR','Roupie mauricienne',true,CURRENT_TIMESTAMP,null,null,null);
INSERT INTO ADM_CURRENCY (id, version, currency_code, description_en, system_currency, created, updated, creator_id,  updater_id) VALUES (104,1,'MRO','Ouguija',true,CURRENT_TIMESTAMP,null,null,null);
INSERT INTO ADM_CURRENCY (id, version, currency_code, description_en, system_currency, created, updated, creator_id,  updater_id) VALUES (105,1,'MXN','Peso mexicain',true,CURRENT_TIMESTAMP,null,null,null);
INSERT INTO ADM_CURRENCY (id, version, currency_code, description_en, system_currency, created, updated, creator_id,  updater_id) VALUES (106,1,'MDL','Leu de Moldave',true,CURRENT_TIMESTAMP,null,null,null);
INSERT INTO ADM_CURRENCY (id, version, currency_code, description_en, system_currency, created, updated, creator_id,  updater_id) VALUES (107,1,'MNT','Tugrik',true,CURRENT_TIMESTAMP,null,null,null);
INSERT INTO ADM_CURRENCY (id, version, currency_code, description_en, system_currency, created, updated, creator_id,  updater_id) VALUES (108,1,'MZM','Metical',true,CURRENT_TIMESTAMP,null,null,null);
INSERT INTO ADM_CURRENCY (id, version, currency_code, description_en, system_currency, created, updated, creator_id,  updater_id) VALUES (109,1,'MMK','Kyat',true,CURRENT_TIMESTAMP,null,null,null);
INSERT INTO ADM_CURRENCY (id, version, currency_code, description_en, system_currency, created, updated, creator_id,  updater_id) VALUES (110,1,'NAD','Dollar namibien',true,CURRENT_TIMESTAMP,null,null,null);
INSERT INTO ADM_CURRENCY (id, version, currency_code, description_en, system_currency, created, updated, creator_id,  updater_id) VALUES (111,1,'NPR','Roupie Népalaise',true,CURRENT_TIMESTAMP,null,null,null);
INSERT INTO ADM_CURRENCY (id, version, currency_code, description_en, system_currency, created, updated, creator_id,  updater_id) VALUES (112,1,'NIO','Cordoba oro',true,CURRENT_TIMESTAMP,null,null,null);
INSERT INTO ADM_CURRENCY (id, version, currency_code, description_en, system_currency, created, updated, creator_id,  updater_id) VALUES (113,1,'NGN','Naira',true,CURRENT_TIMESTAMP,null,null,null);
INSERT INTO ADM_CURRENCY (id, version, currency_code, description_en, system_currency, created, updated, creator_id,  updater_id) VALUES (114,1,'XPF','Franc CFP',true,CURRENT_TIMESTAMP,null,null,null);
INSERT INTO ADM_CURRENCY (id, version, currency_code, description_en, system_currency, created, updated, creator_id,  updater_id) VALUES (115,1,'OMR','Rial Omani',true,CURRENT_TIMESTAMP,null,null,null);
INSERT INTO ADM_CURRENCY (id, version, currency_code, description_en, system_currency, created, updated, creator_id,  updater_id) VALUES (116,1,'XAU','Opérations sur or',true,CURRENT_TIMESTAMP,null,null,null);
INSERT INTO ADM_CURRENCY (id, version, currency_code, description_en, system_currency, created, updated, creator_id,  updater_id) VALUES (117,1,'UGX','Shilling ougandais',true,CURRENT_TIMESTAMP,null,null,null);
INSERT INTO ADM_CURRENCY (id, version, currency_code, description_en, system_currency, created, updated, creator_id,  updater_id) VALUES (118,1,'UZS','Soum ouzbek',true,CURRENT_TIMESTAMP,null,null,null);
INSERT INTO ADM_CURRENCY (id, version, currency_code, description_en, system_currency, created, updated, creator_id,  updater_id) VALUES (119,1,'PKR','Roupie pakistanaise',true,CURRENT_TIMESTAMP,null,null,null);
INSERT INTO ADM_CURRENCY (id, version, currency_code, description_en, system_currency, created, updated, creator_id,  updater_id) VALUES (120,1,'PAB','Balboa',true,CURRENT_TIMESTAMP,null,null,null);
INSERT INTO ADM_CURRENCY (id, version, currency_code, description_en, system_currency, created, updated, creator_id,  updater_id) VALUES (121,1,'PGK','Kina',true,CURRENT_TIMESTAMP,null,null,null);
INSERT INTO ADM_CURRENCY (id, version, currency_code, description_en, system_currency, created, updated, creator_id,  updater_id) VALUES (122,1,'PYG','Guarani',true,CURRENT_TIMESTAMP,null,null,null);
INSERT INTO ADM_CURRENCY (id, version, currency_code, description_en, system_currency, created, updated, creator_id,  updater_id) VALUES (123,1,'PEN','Nouveau sol',true,CURRENT_TIMESTAMP,null,null,null);
INSERT INTO ADM_CURRENCY (id, version, currency_code, description_en, system_currency, created, updated, creator_id,  updater_id) VALUES (124,1,'PHP','Peso philippin',true,CURRENT_TIMESTAMP,null,null,null);
INSERT INTO ADM_CURRENCY (id, version, currency_code, description_en, system_currency, created, updated, creator_id,  updater_id) VALUES (125,1,'PLN','Zloty',true,CURRENT_TIMESTAMP,null,null,null);
INSERT INTO ADM_CURRENCY (id, version, currency_code, description_en, system_currency, created, updated, creator_id,  updater_id) VALUES (126,1,'QAR','Riyal du Qatar',true,CURRENT_TIMESTAMP,null,null,null);
INSERT INTO ADM_CURRENCY (id, version, currency_code, description_en, system_currency, created, updated, creator_id,  updater_id) VALUES (127,1,'RON','LEI (Nouveau Leu)',true,CURRENT_TIMESTAMP,null,null,null);
INSERT INTO ADM_CURRENCY (id, version, currency_code, description_en, system_currency, created, updated, creator_id,  updater_id) VALUES (128,1,'ROL','Leu',true,CURRENT_TIMESTAMP,null,null,null);
INSERT INTO ADM_CURRENCY (id, version, currency_code, description_en, system_currency, created, updated, creator_id,  updater_id) VALUES (129,1,'RUB','Rouble russe (nouveau)',true,CURRENT_TIMESTAMP,null,null,null);
INSERT INTO ADM_CURRENCY (id, version, currency_code, description_en, system_currency, created, updated, creator_id,  updater_id) VALUES (130,1,'RWF','Franc du Rwanda',true,CURRENT_TIMESTAMP,null,null,null);
INSERT INTO ADM_CURRENCY (id, version, currency_code, description_en, system_currency, created, updated, creator_id,  updater_id) VALUES (131,1,'SBD','Dollar des îles Salomon',true,CURRENT_TIMESTAMP,null,null,null);
INSERT INTO ADM_CURRENCY (id, version, currency_code, description_en, system_currency, created, updated, creator_id,  updater_id) VALUES (132,1,'SVC','Colon salvadorien',true,CURRENT_TIMESTAMP,null,null,null);
INSERT INTO ADM_CURRENCY (id, version, currency_code, description_en, system_currency, created, updated, creator_id,  updater_id) VALUES (133,1,'WST','Tala',true,CURRENT_TIMESTAMP,null,null,null);
INSERT INTO ADM_CURRENCY (id, version, currency_code, description_en, system_currency, created, updated, creator_id,  updater_id) VALUES (134,1,'STD','Dobra',true,CURRENT_TIMESTAMP,null,null,null);
INSERT INTO ADM_CURRENCY (id, version, currency_code, description_en, system_currency, created, updated, creator_id,  updater_id) VALUES (135,1,'CSD','Dinar Serbe',true,CURRENT_TIMESTAMP,null,null,null);
INSERT INTO ADM_CURRENCY (id, version, currency_code, description_en, system_currency, created, updated, creator_id,  updater_id) VALUES (136,1,'SCR','Roupie des Seychelles',true,CURRENT_TIMESTAMP,null,null,null);
INSERT INTO ADM_CURRENCY (id, version, currency_code, description_en, system_currency, created, updated, creator_id,  updater_id) VALUES (137,1,'SLL','Leone',true,CURRENT_TIMESTAMP,null,null,null);
INSERT INTO ADM_CURRENCY (id, version, currency_code, description_en, system_currency, created, updated, creator_id,  updater_id) VALUES (138,1,'SGD','Dollar de Singapour',true,CURRENT_TIMESTAMP,null,null,null);
INSERT INTO ADM_CURRENCY (id, version, currency_code, description_en, system_currency, created, updated, creator_id,  updater_id) VALUES (139,1,'SKK','Couronne slovaque',true,CURRENT_TIMESTAMP,null,null,null);
INSERT INTO ADM_CURRENCY (id, version, currency_code, description_en, system_currency, created, updated, creator_id,  updater_id) VALUES (140,1,'SIT','Tolar',true,CURRENT_TIMESTAMP,null,null,null);
INSERT INTO ADM_CURRENCY (id, version, currency_code, description_en, system_currency, created, updated, creator_id,  updater_id) VALUES (141,1,'SOS','Shilling Somalien',true,CURRENT_TIMESTAMP,null,null,null);
INSERT INTO ADM_CURRENCY (id, version, currency_code, description_en, system_currency, created, updated, creator_id,  updater_id) VALUES (142,1,'SDG','Livre soudanaise',true,CURRENT_TIMESTAMP,null,null,null);
INSERT INTO ADM_CURRENCY (id, version, currency_code, description_en, system_currency, created, updated, creator_id,  updater_id) VALUES (143,1,'LKR','Roupie de Sri Lanka',true,CURRENT_TIMESTAMP,null,null,null);
INSERT INTO ADM_CURRENCY (id, version, currency_code, description_en, system_currency, created, updated, creator_id,  updater_id) VALUES (144,1,'SHP','Livre de Sainte-Hélène',true,CURRENT_TIMESTAMP,null,null,null);
INSERT INTO ADM_CURRENCY (id, version, currency_code, description_en, system_currency, created, updated, creator_id,  updater_id) VALUES (145,1,'SEK','Couronne suédoise',true,CURRENT_TIMESTAMP,null,null,null);
INSERT INTO ADM_CURRENCY (id, version, currency_code, description_en, system_currency, created, updated, creator_id,  updater_id) VALUES (146,1,'SRD','Florin du suriname',true,CURRENT_TIMESTAMP,null,null,null);
INSERT INTO ADM_CURRENCY (id, version, currency_code, description_en, system_currency, created, updated, creator_id,  updater_id) VALUES (147,1,'SZL','Lilangeni',true,CURRENT_TIMESTAMP,null,null,null);
INSERT INTO ADM_CURRENCY (id, version, currency_code, description_en, system_currency, created, updated, creator_id,  updater_id) VALUES (148,1,'SYP','Livre syrienne',true,CURRENT_TIMESTAMP,null,null,null);
INSERT INTO ADM_CURRENCY (id, version, currency_code, description_en, system_currency, created, updated, creator_id,  updater_id) VALUES (149,1,'TJS','Somoni',true,CURRENT_TIMESTAMP,null,null,null);
INSERT INTO ADM_CURRENCY (id, version, currency_code, description_en, system_currency, created, updated, creator_id,  updater_id) VALUES (150,1,'TWD','Nouveau dollar de Taïwan',true,CURRENT_TIMESTAMP,null,null,null);
INSERT INTO ADM_CURRENCY (id, version, currency_code, description_en, system_currency, created, updated, creator_id,  updater_id) VALUES (151,1,'TZS','Shilling tanzanien',true,CURRENT_TIMESTAMP,null,null,null);
INSERT INTO ADM_CURRENCY (id, version, currency_code, description_en, system_currency, created, updated, creator_id,  updater_id) VALUES (152,1,'CZK','Couronne tchèque',true,CURRENT_TIMESTAMP,null,null,null);
INSERT INTO ADM_CURRENCY (id, version, currency_code, description_en, system_currency, created, updated, creator_id,  updater_id) VALUES (153,1,'THB','Baht',true,CURRENT_TIMESTAMP,null,null,null);
INSERT INTO ADM_CURRENCY (id, version, currency_code, description_en, system_currency, created, updated, creator_id,  updater_id) VALUES (154,1,'TOP','Pa anga',true,CURRENT_TIMESTAMP,null,null,null);
INSERT INTO ADM_CURRENCY (id, version, currency_code, description_en, system_currency, created, updated, creator_id,  updater_id) VALUES (155,1,'TTD','Dollar de Trinité et de Tobago',true,CURRENT_TIMESTAMP,null,null,null);
INSERT INTO ADM_CURRENCY (id, version, currency_code, description_en, system_currency, created, updated, creator_id,  updater_id) VALUES (156,1,'TND','Dinar tunisien',true,CURRENT_TIMESTAMP,null,null,null);
INSERT INTO ADM_CURRENCY (id, version, currency_code, description_en, system_currency, created, updated, creator_id,  updater_id) VALUES (157,1,'TMM','Manat turkmène',true,CURRENT_TIMESTAMP,null,null,null);
INSERT INTO ADM_CURRENCY (id, version, currency_code, description_en, system_currency, created, updated, creator_id,  updater_id) VALUES (158,1,'TRY','Nouvelle Livre turque',true,CURRENT_TIMESTAMP,null,null,null);
INSERT INTO ADM_CURRENCY (id, version, currency_code, description_en, system_currency, created, updated, creator_id,  updater_id) VALUES (159,1,'TRL','Livre turque',true,CURRENT_TIMESTAMP,null,null,null);
INSERT INTO ADM_CURRENCY (id, version, currency_code, description_en, system_currency, created, updated, creator_id,  updater_id) VALUES (160,1,'UAH','HRYVNIA',true,CURRENT_TIMESTAMP,null,null,null);
INSERT INTO ADM_CURRENCY (id, version, currency_code, description_en, system_currency, created, updated, creator_id,  updater_id) VALUES (161,1,'UYU','Nouveau Peso uruguayen',true,CURRENT_TIMESTAMP,null,null,null);
INSERT INTO ADM_CURRENCY (id, version, currency_code, description_en, system_currency, created, updated, creator_id,  updater_id) VALUES (162,1,'VUV','Vatu',true,CURRENT_TIMESTAMP,null,null,null);
INSERT INTO ADM_CURRENCY (id, version, currency_code, description_en, system_currency, created, updated, creator_id,  updater_id) VALUES (163,1,'VEF','Bolivar Fuerte',true,CURRENT_TIMESTAMP,null,null,null);
INSERT INTO ADM_CURRENCY (id, version, currency_code, description_en, system_currency, created, updated, creator_id,  updater_id) VALUES (164,1,'VND','Dong',true,CURRENT_TIMESTAMP,null,null,null);
INSERT INTO ADM_CURRENCY (id, version, currency_code, description_en, system_currency, created, updated, creator_id,  updater_id) VALUES (165,1,'YER','Riyal yéménite',true,CURRENT_TIMESTAMP,null,null,null);
INSERT INTO ADM_CURRENCY (id, version, currency_code, description_en, system_currency, created, updated, creator_id,  updater_id) VALUES (166,1,'ZMK','Kwacha de Zambie',true,CURRENT_TIMESTAMP,null,null,null);
INSERT INTO ADM_CURRENCY (id, version, currency_code, description_en, system_currency, created, updated, creator_id,  updater_id) VALUES (167,1,'ZWD','Dollar du Zimbabwe',true,CURRENT_TIMESTAMP,null,null,null);
INSERT INTO ADM_CURRENCY (id, version, currency_code, description_en, system_currency, created, updated, creator_id,  updater_id) VALUES (168,1,'GHS','Cedi ghanéen',true,CURRENT_TIMESTAMP,null,null,null);

/* COUNTRY */
INSERT INTO ADM_COUNTRY (id, version, created, updated, country_code, description_en,creator_id, updater_id, language_id,currency_id) VALUES(1,1,CURRENT_TIMESTAMP,null,'AD','Andorra',null,null,8,5);
INSERT INTO ADM_COUNTRY (id, version, created, updated, country_code, description_en,creator_id, updater_id, language_id,currency_id) VALUES(2,1,CURRENT_TIMESTAMP,null,'AE','United Arab Emirates',null,null,3,54);
INSERT INTO ADM_COUNTRY (id, version, created, updated, country_code, description_en,creator_id, updater_id, language_id,currency_id) VALUES(3,1,CURRENT_TIMESTAMP,null,'AF','Afghanistan',null,null,2,1);
INSERT INTO ADM_COUNTRY (id, version, created, updated, country_code, description_en,creator_id, updater_id, language_id,currency_id) VALUES(4,1,CURRENT_TIMESTAMP,null,'AG','Antigua and Barbuda',null,null,2,7);
INSERT INTO ADM_COUNTRY (id, version, created, updated, country_code, description_en,creator_id, updater_id, language_id,currency_id) VALUES(5,1,CURRENT_TIMESTAMP,null,'AI','Anguilla',null,null,2,7);
INSERT INTO ADM_COUNTRY (id, version, created, updated, country_code, description_en,creator_id, updater_id, language_id,currency_id) VALUES(6,1,CURRENT_TIMESTAMP,null,'AL','Albania',null,null,2,3);
INSERT INTO ADM_COUNTRY (id, version, created, updated, country_code, description_en,creator_id, updater_id, language_id,currency_id) VALUES(7,1,CURRENT_TIMESTAMP,null,'AM','Armenia',null,null,2,11);
INSERT INTO ADM_COUNTRY (id, version, created, updated, country_code, description_en,creator_id, updater_id, language_id,currency_id) VALUES(8,1,CURRENT_TIMESTAMP,null,'AN','Netherlands Antilles',null,null,21,8);
INSERT INTO ADM_COUNTRY (id, version, created, updated, country_code, description_en,creator_id, updater_id, language_id,currency_id) VALUES(9,1,CURRENT_TIMESTAMP,null,'AO','Angola',null,null,2,6);
INSERT INTO ADM_COUNTRY (id, version, created, updated, country_code, description_en,creator_id, updater_id, language_id,currency_id) VALUES(10,1,CURRENT_TIMESTAMP,null,'AR','Argentina',null,null,8,10);
INSERT INTO ADM_COUNTRY (id, version, created, updated, country_code, description_en,creator_id, updater_id, language_id,currency_id) VALUES(11,1,CURRENT_TIMESTAMP,null,'AS','American Samoa',null,null,1,49);
INSERT INTO ADM_COUNTRY (id, version, created, updated, country_code, description_en,creator_id, updater_id, language_id,currency_id) VALUES(12,1,CURRENT_TIMESTAMP,null,'AT','Austria',null,null,1,5);
INSERT INTO ADM_COUNTRY (id, version, created, updated, country_code, description_en,creator_id, updater_id, language_id,currency_id) VALUES(13,1,CURRENT_TIMESTAMP,null,'AU','Australia',null,null,2,13);
INSERT INTO ADM_COUNTRY (id, version, created, updated, country_code, description_en,creator_id, updater_id, language_id,currency_id) VALUES(14,1,CURRENT_TIMESTAMP,null,'AW','Aruba',null,null,2,12);
INSERT INTO ADM_COUNTRY (id, version, created, updated, country_code, description_en,creator_id, updater_id, language_id,currency_id) VALUES(15,1,CURRENT_TIMESTAMP,null,'AZ','Azerbaijan',null,null,2,6);
INSERT INTO ADM_COUNTRY (id, version, created, updated, country_code, description_en,creator_id, updater_id, language_id,currency_id) VALUES(16,1,CURRENT_TIMESTAMP,null,'BA','Bosnia and Herzegovina',null,null,2,25);
INSERT INTO ADM_COUNTRY (id, version, created, updated, country_code, description_en,creator_id, updater_id, language_id,currency_id) VALUES(17,1,CURRENT_TIMESTAMP,null,'BB','Barbados',null,null,2,18);
INSERT INTO ADM_COUNTRY (id, version, created, updated, country_code, description_en,creator_id, updater_id, language_id,currency_id) VALUES(18,1,CURRENT_TIMESTAMP,null,'BD','Bangladesh',null,null,2,17);
INSERT INTO ADM_COUNTRY (id, version, created, updated, country_code, description_en,creator_id, updater_id, language_id,currency_id) VALUES(19,1,CURRENT_TIMESTAMP,null,'BE','Belgium',null,null,12,5);
INSERT INTO ADM_COUNTRY (id, version, created, updated, country_code, description_en,creator_id, updater_id, language_id,currency_id) VALUES(20,1,CURRENT_TIMESTAMP,null,'BF','Burkina Faso',null,null,2,20);
INSERT INTO ADM_COUNTRY (id, version, created, updated, country_code, description_en,creator_id, updater_id, language_id,currency_id) VALUES(21,1,CURRENT_TIMESTAMP,null,'BG','Bulgaria',null,null,2,5);
INSERT INTO ADM_COUNTRY (id, version, created, updated, country_code, description_en,creator_id, updater_id, language_id,currency_id) VALUES(22,1,CURRENT_TIMESTAMP,null,'BH','Bahrain',null,null,2,16);
INSERT INTO ADM_COUNTRY (id, version, created, updated, country_code, description_en,creator_id, updater_id, language_id,currency_id) VALUES(23,1,CURRENT_TIMESTAMP,null,'BI','Burundi',null,null,2,30);
INSERT INTO ADM_COUNTRY (id, version, created, updated, country_code, description_en,creator_id, updater_id, language_id,currency_id) VALUES(24,1,CURRENT_TIMESTAMP,null,'BJ','Benin',null,null,2,20);
INSERT INTO ADM_COUNTRY (id, version, created, updated, country_code, description_en,creator_id, updater_id, language_id,currency_id) VALUES(25,1,CURRENT_TIMESTAMP,null,'BM','Bermuda',null,null,2,21);
INSERT INTO ADM_COUNTRY (id, version, created, updated, country_code, description_en,creator_id, updater_id, language_id,currency_id) VALUES(26,1,CURRENT_TIMESTAMP,null,'BN','Brunei Darussalam',null,null,2,28);
INSERT INTO ADM_COUNTRY (id, version, created, updated, country_code, description_en,creator_id, updater_id, language_id,currency_id) VALUES(27,1,CURRENT_TIMESTAMP,null,'BO','Bolivia',null,null,2,24);
INSERT INTO ADM_COUNTRY (id, version, created, updated, country_code, description_en,creator_id, updater_id, language_id,currency_id) VALUES(28,1,CURRENT_TIMESTAMP,null,'BR','Brazil',null,null,2,27);
INSERT INTO ADM_COUNTRY (id, version, created, updated, country_code, description_en,creator_id, updater_id, language_id,currency_id) VALUES(29,1,CURRENT_TIMESTAMP,null,'BS','The Bahamas',null,null,2,15);
INSERT INTO ADM_COUNTRY (id, version, created, updated, country_code, description_en,creator_id, updater_id, language_id,currency_id) VALUES(30,1,CURRENT_TIMESTAMP,null,'BT','Bhutan',null,null,2,16);
INSERT INTO ADM_COUNTRY (id, version, created, updated, country_code, description_en,creator_id, updater_id, language_id,currency_id) VALUES(31,1,CURRENT_TIMESTAMP,null,'BV','Bouvet Island',null,null,2,31);
INSERT INTO ADM_COUNTRY (id, version, created, updated, country_code, description_en,creator_id, updater_id, language_id,currency_id) VALUES(32,1,CURRENT_TIMESTAMP,null,'BW','Botswana',null,null,2,26);
INSERT INTO ADM_COUNTRY (id, version, created, updated, country_code, description_en,creator_id, updater_id, language_id,currency_id) VALUES(33,1,CURRENT_TIMESTAMP,null,'BY','Belarus',null,null,2,23);
INSERT INTO ADM_COUNTRY (id, version, created, updated, country_code, description_en,creator_id, updater_id, language_id,currency_id) VALUES(34,1,CURRENT_TIMESTAMP,null,'BZ','Belize',null,null,2,19);
INSERT INTO ADM_COUNTRY (id, version, created, updated, country_code, description_en,creator_id, updater_id, language_id,currency_id) VALUES(35,1,CURRENT_TIMESTAMP,null,'CA','Canada',null,null,2,35);
INSERT INTO ADM_COUNTRY (id, version, created, updated, country_code, description_en,creator_id, updater_id, language_id,currency_id) VALUES(36,1,CURRENT_TIMESTAMP,null,'CC','Cocos (Keeling) Islands',null,null,2,13);
INSERT INTO ADM_COUNTRY (id, version, created, updated, country_code, description_en,creator_id, updater_id, language_id,currency_id) VALUES(37,1,CURRENT_TIMESTAMP,null,'CD','Congo, Democratic Republic of th',null,null,12,43);
INSERT INTO ADM_COUNTRY (id, version, created, updated, country_code, description_en,creator_id, updater_id, language_id,currency_id) VALUES(38,1,CURRENT_TIMESTAMP,null,'CF','Central African Republic',null,null,12,34);
INSERT INTO ADM_COUNTRY (id, version, created, updated, country_code, description_en,creator_id, updater_id, language_id,currency_id) VALUES(39,1,CURRENT_TIMESTAMP,null,'CG','Congo, Republic of the',null,null,12,34);
INSERT INTO ADM_COUNTRY (id, version, created, updated, country_code, description_en,creator_id, updater_id, language_id,currency_id) VALUES(40,1,CURRENT_TIMESTAMP,null,'CH','Switzerland',null,null,2,92);
INSERT INTO ADM_COUNTRY (id, version, created, updated, country_code, description_en,creator_id, updater_id, language_id,currency_id) VALUES(41,1,CURRENT_TIMESTAMP,null,'CI','Cote Ivoire',null,null,12,20);
INSERT INTO ADM_COUNTRY (id, version, created, updated, country_code, description_en,creator_id, updater_id, language_id,currency_id) VALUES(42,1,CURRENT_TIMESTAMP,null,'CK','Cook Islands',null,null,2,72);
INSERT INTO ADM_COUNTRY (id, version, created, updated, country_code, description_en,creator_id, updater_id, language_id,currency_id) VALUES(43,1,CURRENT_TIMESTAMP,null,'CL','Chile',null,null,2,38);
INSERT INTO ADM_COUNTRY (id, version, created, updated, country_code, description_en,creator_id, updater_id, language_id,currency_id) VALUES(44,1,CURRENT_TIMESTAMP,null,'CM','Cameroon',null,null,12,34);
INSERT INTO ADM_COUNTRY (id, version, created, updated, country_code, description_en,creator_id, updater_id, language_id,currency_id) VALUES(45,1,CURRENT_TIMESTAMP,null,'CN','China',null,null,6,39);
INSERT INTO ADM_COUNTRY (id, version, created, updated, country_code, description_en,creator_id, updater_id, language_id,currency_id) VALUES(46,1,CURRENT_TIMESTAMP,null,'CO','Colombia',null,null,8,41);
INSERT INTO ADM_COUNTRY (id, version, created, updated, country_code, description_en,creator_id, updater_id, language_id,currency_id) VALUES(47,1,CURRENT_TIMESTAMP,null,'CR','Costa Rica',null,null,8,46);
INSERT INTO ADM_COUNTRY (id, version, created, updated, country_code, description_en,creator_id, updater_id, language_id,currency_id) VALUES(48,1,CURRENT_TIMESTAMP,null,'CU','Cuba',null,null,8,48);
INSERT INTO ADM_COUNTRY (id, version, created, updated, country_code, description_en,creator_id, updater_id, language_id,currency_id) VALUES(49,1,CURRENT_TIMESTAMP,null,'CV','Cape Verde',null,null,8,36);
INSERT INTO ADM_COUNTRY (id, version, created, updated, country_code, description_en,creator_id, updater_id, language_id,currency_id) VALUES(50,1,CURRENT_TIMESTAMP,null,'CX','Christmas Island',null,null,2,13);
INSERT INTO ADM_COUNTRY (id, version, created, updated, country_code, description_en,creator_id, updater_id, language_id,currency_id) VALUES(51,1,CURRENT_TIMESTAMP,null,'CY','Cyprus',null,null,2,40);
INSERT INTO ADM_COUNTRY (id, version, created, updated, country_code, description_en,creator_id, updater_id, language_id,currency_id) VALUES(52,1,CURRENT_TIMESTAMP,null,'CZ','Czech Republic',null,null,2,152);
INSERT INTO ADM_COUNTRY (id, version, created, updated, country_code, description_en,creator_id, updater_id, language_id,currency_id) VALUES(53,1,CURRENT_TIMESTAMP,null,'DE','Germany',null,null,1,5);
INSERT INTO ADM_COUNTRY (id, version, created, updated, country_code, description_en,creator_id, updater_id, language_id,currency_id) VALUES(54,1,CURRENT_TIMESTAMP,null,'DJ','Djibouti',null,null,12,51);
INSERT INTO ADM_COUNTRY (id, version, created, updated, country_code, description_en,creator_id, updater_id, language_id,currency_id) VALUES(55,1,CURRENT_TIMESTAMP,null,'DK','Denmark',null,null,2,50);
INSERT INTO ADM_COUNTRY (id, version, created, updated, country_code, description_en,creator_id, updater_id, language_id,currency_id) VALUES(56,1,CURRENT_TIMESTAMP,null,'DM','Dominica',null,null,2,7);
INSERT INTO ADM_COUNTRY (id, version, created, updated, country_code, description_en,creator_id, updater_id, language_id,currency_id) VALUES(57,1,CURRENT_TIMESTAMP,null,'DO','Dominican Republic',null,null,2,52);
INSERT INTO ADM_COUNTRY (id, version, created, updated, country_code, description_en,creator_id, updater_id, language_id,currency_id) VALUES(58,1,CURRENT_TIMESTAMP,null,'DZ','Algeria',null,null,8,4);
INSERT INTO ADM_COUNTRY (id, version, created, updated, country_code, description_en,creator_id, updater_id, language_id,currency_id) VALUES(59,1,CURRENT_TIMESTAMP,null,'EC','Ecuador',null,null,2,49);
INSERT INTO ADM_COUNTRY (id, version, created, updated, country_code, description_en,creator_id, updater_id, language_id,currency_id) VALUES(60,1,CURRENT_TIMESTAMP,null,'EE','Estonia',null,null,2,56);
INSERT INTO ADM_COUNTRY (id, version, created, updated, country_code, description_en,creator_id, updater_id, language_id,currency_id) VALUES(61,1,CURRENT_TIMESTAMP,null,'EG','Egypt',null,null,8,53);
INSERT INTO ADM_COUNTRY (id, version, created, updated, country_code, description_en,creator_id, updater_id, language_id,currency_id) VALUES(62,1,CURRENT_TIMESTAMP,null,'ER','Eritrea',null,null,2,55);
INSERT INTO ADM_COUNTRY (id, version, created, updated, country_code, description_en,creator_id, updater_id, language_id,currency_id) VALUES(63,1,CURRENT_TIMESTAMP,null,'ES','Spain',null,null,8,5);
INSERT INTO ADM_COUNTRY (id, version, created, updated, country_code, description_en,creator_id, updater_id, language_id,currency_id) VALUES(64,1,CURRENT_TIMESTAMP,null,'ET','Ethiopia',null,null,2,57);
INSERT INTO ADM_COUNTRY (id, version, created, updated, country_code, description_en,creator_id, updater_id, language_id,currency_id) VALUES(65,1,CURRENT_TIMESTAMP,null,'FI','Finland',null,null,2,5);
INSERT INTO ADM_COUNTRY (id, version, created, updated, country_code, description_en,creator_id, updater_id, language_id,currency_id) VALUES(66,1,CURRENT_TIMESTAMP,null,'FJ','Fiji',null,null,2,59);
INSERT INTO ADM_COUNTRY (id, version, created, updated, country_code, description_en,creator_id, updater_id, language_id,currency_id) VALUES(67,1,CURRENT_TIMESTAMP,null,'FK','Falkland Islands (Islas Malvinas',null,null,2,58);
INSERT INTO ADM_COUNTRY (id, version, created, updated, country_code, description_en,creator_id, updater_id, language_id,currency_id) VALUES(68,1,CURRENT_TIMESTAMP,null,'FM','Micronesia, Federated States of',null,null,2,49);
INSERT INTO ADM_COUNTRY (id, version, created, updated, country_code, description_en,creator_id, updater_id, language_id,currency_id) VALUES(69,1,CURRENT_TIMESTAMP,null,'FO','Faroe Islands',null,null,2,50);
INSERT INTO ADM_COUNTRY (id, version, created, updated, country_code, description_en,creator_id, updater_id, language_id,currency_id) VALUES(70,1,CURRENT_TIMESTAMP,null,'FR','France',null,null,12,5);
INSERT INTO ADM_COUNTRY (id, version, created, updated, country_code, description_en,creator_id, updater_id, language_id,currency_id) VALUES(71,1,CURRENT_TIMESTAMP,null,'GA','Gabon',null,null,12,34);
INSERT INTO ADM_COUNTRY (id, version, created, updated, country_code, description_en,creator_id, updater_id, language_id,currency_id) VALUES(72,1,CURRENT_TIMESTAMP,null,'GD','Grenada',null,null,2,7);
INSERT INTO ADM_COUNTRY (id, version, created, updated, country_code, description_en,creator_id, updater_id, language_id,currency_id) VALUES(73,1,CURRENT_TIMESTAMP,null,'GE','Georgia',null,null,2,61);
INSERT INTO ADM_COUNTRY (id, version, created, updated, country_code, description_en,creator_id, updater_id, language_id,currency_id) VALUES(74,1,CURRENT_TIMESTAMP,null,'GF','French Guiana',null,null,2,5);
INSERT INTO ADM_COUNTRY (id, version, created, updated, country_code, description_en,creator_id, updater_id, language_id,currency_id) VALUES(75,1,CURRENT_TIMESTAMP,null,'GH','Ghana',null,null,2,62);
INSERT INTO ADM_COUNTRY (id, version, created, updated, country_code, description_en,creator_id, updater_id, language_id,currency_id) VALUES(76,1,CURRENT_TIMESTAMP,null,'GI','Gibraltar',null,null,2,63);
INSERT INTO ADM_COUNTRY (id, version, created, updated, country_code, description_en,creator_id, updater_id, language_id,currency_id) VALUES(77,1,CURRENT_TIMESTAMP,null,'GL','Greenland',null,null,2,50);
INSERT INTO ADM_COUNTRY (id, version, created, updated, country_code, description_en,creator_id, updater_id, language_id,currency_id) VALUES(78,1,CURRENT_TIMESTAMP,null,'GM','The Gambia',null,null,2,60);
INSERT INTO ADM_COUNTRY (id, version, created, updated, country_code, description_en,creator_id, updater_id, language_id,currency_id) VALUES(79,1,CURRENT_TIMESTAMP,null,'GN','Guinea',null,null,2,66);
INSERT INTO ADM_COUNTRY (id, version, created, updated, country_code, description_en,creator_id, updater_id, language_id,currency_id) VALUES(80,1,CURRENT_TIMESTAMP,null,'GP','Guadeloupe',null,null,12,5);
INSERT INTO ADM_COUNTRY (id, version, created, updated, country_code, description_en,creator_id, updater_id, language_id,currency_id) VALUES(81,1,CURRENT_TIMESTAMP,null,'GQ','Equatorial Guinea',null,null,2,34);
INSERT INTO ADM_COUNTRY (id, version, created, updated, country_code, description_en,creator_id, updater_id, language_id,currency_id) VALUES(82,1,CURRENT_TIMESTAMP,null,'GR','Greece',null,null,2,5);
INSERT INTO ADM_COUNTRY (id, version, created, updated, country_code, description_en,creator_id, updater_id, language_id,currency_id) VALUES(83,1,CURRENT_TIMESTAMP,null,'GS','South Georgia and the South Sand',null,null,2,65);
INSERT INTO ADM_COUNTRY (id, version, created, updated, country_code, description_en,creator_id, updater_id, language_id,currency_id) VALUES(84,1,CURRENT_TIMESTAMP,null,'GT','Guatemala',null,null,2,64);
INSERT INTO ADM_COUNTRY (id, version, created, updated, country_code, description_en,creator_id, updater_id, language_id,currency_id) VALUES(85,1,CURRENT_TIMESTAMP,null,'GU','Guam',null,null,2,49);
INSERT INTO ADM_COUNTRY (id, version, created, updated, country_code, description_en,creator_id, updater_id, language_id,currency_id) VALUES(86,1,CURRENT_TIMESTAMP,null,'GW','Guinea-Bissau',null,null,2,20);
INSERT INTO ADM_COUNTRY (id, version, created, updated, country_code, description_en,creator_id, updater_id, language_id,currency_id) VALUES(87,1,CURRENT_TIMESTAMP,null,'GY','Guyana',null,null,2,67);
INSERT INTO ADM_COUNTRY (id, version, created, updated, country_code, description_en,creator_id, updater_id, language_id,currency_id) VALUES(88,1,CURRENT_TIMESTAMP,null,'HK','Hong Kong (SAR)',null,null,2,70);
INSERT INTO ADM_COUNTRY (id, version, created, updated, country_code, description_en,creator_id, updater_id, language_id,currency_id) VALUES(89,1,CURRENT_TIMESTAMP,null,'HM','Heard Island and McDonald Island',null,null,2,13);
INSERT INTO ADM_COUNTRY (id, version, created, updated, country_code, description_en,creator_id, updater_id, language_id,currency_id) VALUES(90,1,CURRENT_TIMESTAMP,null,'HN','Honduras',null,null,2,69);
INSERT INTO ADM_COUNTRY (id, version, created, updated, country_code, description_en,creator_id, updater_id, language_id,currency_id) VALUES(91,1,CURRENT_TIMESTAMP,null,'HR','Croatia',null,null,2,47);
INSERT INTO ADM_COUNTRY (id, version, created, updated, country_code, description_en,creator_id, updater_id, language_id,currency_id) VALUES(92,1,CURRENT_TIMESTAMP,null,'HT','Haiti',null,null,2,68);
INSERT INTO ADM_COUNTRY (id, version, created, updated, country_code, description_en,creator_id, updater_id, language_id,currency_id) VALUES(93,1,CURRENT_TIMESTAMP,null,'HU','Hungary',null,null,2,71);
INSERT INTO ADM_COUNTRY (id, version, created, updated, country_code, description_en,creator_id, updater_id, language_id,currency_id) VALUES(94,1,CURRENT_TIMESTAMP,null,'ID','Indonesia',null,null,2,74);
INSERT INTO ADM_COUNTRY (id, version, created, updated, country_code, description_en,creator_id, updater_id, language_id,currency_id) VALUES(95,1,CURRENT_TIMESTAMP,null,'IE','Ireland',null,null,33,5);
INSERT INTO ADM_COUNTRY (id, version, created, updated, country_code, description_en,creator_id, updater_id, language_id,currency_id) VALUES(96,1,CURRENT_TIMESTAMP,null,'IL','Israel',null,null,2,78);
INSERT INTO ADM_COUNTRY (id, version, created, updated, country_code, description_en,creator_id, updater_id, language_id,currency_id) VALUES(97,1,CURRENT_TIMESTAMP,null,'IN','India',null,null,2,73);
INSERT INTO ADM_COUNTRY (id, version, created, updated, country_code, description_en,creator_id, updater_id, language_id,currency_id) VALUES(98,1,CURRENT_TIMESTAMP,null,'IO','British Indian Ocean Territory',null,null,2,49);
INSERT INTO ADM_COUNTRY (id, version, created, updated, country_code, description_en,creator_id, updater_id, language_id,currency_id) VALUES(99,1,CURRENT_TIMESTAMP,null,'IQ','Iraq',null,null,8,76);
INSERT INTO ADM_COUNTRY (id, version, created, updated, country_code, description_en,creator_id, updater_id, language_id,currency_id) VALUES(100,1,CURRENT_TIMESTAMP,null,'IR','Iran',null,null,2,75);
INSERT INTO ADM_COUNTRY (id, version, created, updated, country_code, description_en,creator_id, updater_id, language_id,currency_id) VALUES(101,1,CURRENT_TIMESTAMP,null,'IS','Iceland',null,null,2,77);
INSERT INTO ADM_COUNTRY (id, version, created, updated, country_code, description_en,creator_id, updater_id, language_id,currency_id) VALUES(102,1,CURRENT_TIMESTAMP,null,'IT','Italy',null,null,2,5);
INSERT INTO ADM_COUNTRY (id, version, created, updated, country_code, description_en,creator_id, updater_id, language_id,currency_id) VALUES(103,1,CURRENT_TIMESTAMP,null,'JM','Jamaica',null,null,2,79);
INSERT INTO ADM_COUNTRY (id, version, created, updated, country_code, description_en,creator_id, updater_id, language_id,currency_id) VALUES(104,1,CURRENT_TIMESTAMP,null,'JO','Jordan',null,null,2,81);
INSERT INTO ADM_COUNTRY (id, version, created, updated, country_code, description_en,creator_id, updater_id, language_id,currency_id) VALUES(105,1,CURRENT_TIMESTAMP,null,'JP','Japan',null,null,2,80);
INSERT INTO ADM_COUNTRY (id, version, created, updated, country_code, description_en,creator_id, updater_id, language_id,currency_id) VALUES(106,1,CURRENT_TIMESTAMP,null,'KE','Kenya',null,null,2,83);
INSERT INTO ADM_COUNTRY (id, version, created, updated, country_code, description_en,creator_id, updater_id, language_id,currency_id) VALUES(107,1,CURRENT_TIMESTAMP,null,'KG','Kyrgyzstan',null,null,2,84);
INSERT INTO ADM_COUNTRY (id, version, created, updated, country_code, description_en,creator_id, updater_id, language_id,currency_id) VALUES(108,1,CURRENT_TIMESTAMP,null,'KH','Cambodia',null,null,2,33);
INSERT INTO ADM_COUNTRY (id, version, created, updated, country_code, description_en,creator_id, updater_id, language_id,currency_id) VALUES(109,1,CURRENT_TIMESTAMP,null,'KI','Kiribati',null,null,2,13);
INSERT INTO ADM_COUNTRY (id, version, created, updated, country_code, description_en,creator_id, updater_id, language_id,currency_id) VALUES(110,1,CURRENT_TIMESTAMP,null,'KM','Comoros',null,null,2,42);
INSERT INTO ADM_COUNTRY (id, version, created, updated, country_code, description_en,creator_id, updater_id, language_id,currency_id) VALUES(111,1,CURRENT_TIMESTAMP,null,'KN','Saint Kitts and Nevis',null,null,2,7);
INSERT INTO ADM_COUNTRY (id, version, created, updated, country_code, description_en,creator_id, updater_id, language_id,currency_id) VALUES(112,1,CURRENT_TIMESTAMP,null,'KP','Korea, North',null,null,2,45);
INSERT INTO ADM_COUNTRY (id, version, created, updated, country_code, description_en,creator_id, updater_id, language_id,currency_id) VALUES(113,1,CURRENT_TIMESTAMP,null,'KR','Korea, South',null,null,2,44);
INSERT INTO ADM_COUNTRY (id, version, created, updated, country_code, description_en,creator_id, updater_id, language_id,currency_id) VALUES(114,1,CURRENT_TIMESTAMP,null,'KW','Kuwait',null,null,2,85);
INSERT INTO ADM_COUNTRY (id, version, created, updated, country_code, description_en,creator_id, updater_id, language_id,currency_id) VALUES(115,1,CURRENT_TIMESTAMP,null,'KY','Cayman Islands',null,null,2,32);
INSERT INTO ADM_COUNTRY (id, version, created, updated, country_code, description_en,creator_id, updater_id, language_id,currency_id) VALUES(116,1,CURRENT_TIMESTAMP,null,'KZ','Kazakhstan',null,null,2,82);
INSERT INTO ADM_COUNTRY (id, version, created, updated, country_code, description_en,creator_id, updater_id, language_id,currency_id) VALUES(117,1,CURRENT_TIMESTAMP,null,'LA','Laos',null,null,2,86);
INSERT INTO ADM_COUNTRY (id, version, created, updated, country_code, description_en,creator_id, updater_id, language_id,currency_id) VALUES(118,1,CURRENT_TIMESTAMP,null,'LB','Lebanon',null,null,2,89);
INSERT INTO ADM_COUNTRY (id, version, created, updated, country_code, description_en,creator_id, updater_id, language_id,currency_id) VALUES(119,1,CURRENT_TIMESTAMP,null,'LC','Saint Lucia',null,null,2,7);
INSERT INTO ADM_COUNTRY (id, version, created, updated, country_code, description_en,creator_id, updater_id, language_id,currency_id) VALUES(120,1,CURRENT_TIMESTAMP,null,'LI','Liechtenstein',null,null,2,92);
INSERT INTO ADM_COUNTRY (id, version, created, updated, country_code, description_en,creator_id, updater_id, language_id,currency_id) VALUES(121,1,CURRENT_TIMESTAMP,null,'LK','Sri Lanka',null,null,2,143);
INSERT INTO ADM_COUNTRY (id, version, created, updated, country_code, description_en,creator_id, updater_id, language_id,currency_id) VALUES(122,1,CURRENT_TIMESTAMP,null,'LR','Liberia',null,null,2,90);
INSERT INTO ADM_COUNTRY (id, version, created, updated, country_code, description_en,creator_id, updater_id, language_id,currency_id) VALUES(123,1,CURRENT_TIMESTAMP,null,'LS','Lesotho',null,null,2,87);
INSERT INTO ADM_COUNTRY (id, version, created, updated, country_code, description_en,creator_id, updater_id, language_id,currency_id) VALUES(124,1,CURRENT_TIMESTAMP,null,'LT','Lithuania',null,null,2,93);
INSERT INTO ADM_COUNTRY (id, version, created, updated, country_code, description_en,creator_id, updater_id, language_id,currency_id) VALUES(125,1,CURRENT_TIMESTAMP,null,'LU','Luxembourg',null,null,12,5);
INSERT INTO ADM_COUNTRY (id, version, created, updated, country_code, description_en,creator_id, updater_id, language_id,currency_id) VALUES(126,1,CURRENT_TIMESTAMP,null,'LV','Latvia',null,null,2,88);
INSERT INTO ADM_COUNTRY (id, version, created, updated, country_code, description_en,creator_id, updater_id, language_id,currency_id) VALUES(127,1,CURRENT_TIMESTAMP,null,'LY','Libya',null,null,2,91);
INSERT INTO ADM_COUNTRY (id, version, created, updated, country_code, description_en,creator_id, updater_id, language_id,currency_id) VALUES(128,1,CURRENT_TIMESTAMP,null,'MA','Morocco',null,null,3,102);
INSERT INTO ADM_COUNTRY (id, version, created, updated, country_code, description_en,creator_id, updater_id, language_id,currency_id) VALUES(129,1,CURRENT_TIMESTAMP,null,'MC','Monaco',null,null,2,5);
INSERT INTO ADM_COUNTRY (id, version, created, updated, country_code, description_en,creator_id, updater_id, language_id,currency_id) VALUES(130,1,CURRENT_TIMESTAMP,null,'MD','Moldova',null,null,2,106);
INSERT INTO ADM_COUNTRY (id, version, created, updated, country_code, description_en,creator_id, updater_id, language_id,currency_id) VALUES(131,1,CURRENT_TIMESTAMP,null,'MG','Madagascar',null,null,2,97);
INSERT INTO ADM_COUNTRY (id, version, created, updated, country_code, description_en,creator_id, updater_id, language_id,currency_id) VALUES(132,1,CURRENT_TIMESTAMP,null,'MH','Marshall Islands',null,null,2,49);
INSERT INTO ADM_COUNTRY (id, version, created, updated, country_code, description_en,creator_id, updater_id, language_id,currency_id) VALUES(133,1,CURRENT_TIMESTAMP,null,'MK','Macedonia, The Former Yugoslav R',null,null,2,95);
INSERT INTO ADM_COUNTRY (id, version, created, updated, country_code, description_en,creator_id, updater_id, language_id,currency_id) VALUES(134,1,CURRENT_TIMESTAMP,null,'ML','Mali',null,null,12,20);
INSERT INTO ADM_COUNTRY (id, version, created, updated, country_code, description_en,creator_id, updater_id, language_id,currency_id) VALUES(135,1,CURRENT_TIMESTAMP,null,'MM','Burma',null,null,2,109);
INSERT INTO ADM_COUNTRY (id, version, created, updated, country_code, description_en,creator_id, updater_id, language_id,currency_id) VALUES(136,1,CURRENT_TIMESTAMP,null,'MN','Mongolia',null,null,2,107);
INSERT INTO ADM_COUNTRY (id, version, created, updated, country_code, description_en,creator_id, updater_id, language_id,currency_id) VALUES(137,1,CURRENT_TIMESTAMP,null,'MO','Macao',null,null,2,94);
INSERT INTO ADM_COUNTRY (id, version, created, updated, country_code, description_en,creator_id, updater_id, language_id,currency_id) VALUES(138,1,CURRENT_TIMESTAMP,null,'MP','Northern Mariana Islands',null,null,2,49);
INSERT INTO ADM_COUNTRY (id, version, created, updated, country_code, description_en,creator_id, updater_id, language_id,currency_id) VALUES(139,1,CURRENT_TIMESTAMP,null,'MQ','Martinique',null,null,2,5);
INSERT INTO ADM_COUNTRY (id, version, created, updated, country_code, description_en,creator_id, updater_id, language_id,currency_id) VALUES(140,1,CURRENT_TIMESTAMP,null,'MR','Mauritania',null,null,2,104);
INSERT INTO ADM_COUNTRY (id, version, created, updated, country_code, description_en,creator_id, updater_id, language_id,currency_id) VALUES(141,1,CURRENT_TIMESTAMP,null,'MS','Montserrat',null,null,2,7);
INSERT INTO ADM_COUNTRY (id, version, created, updated, country_code, description_en,creator_id, updater_id, language_id,currency_id) VALUES(142,1,CURRENT_TIMESTAMP,null,'MT','Malta',null,null,2,101);
INSERT INTO ADM_COUNTRY (id, version, created, updated, country_code, description_en,creator_id, updater_id, language_id,currency_id) VALUES(143,1,CURRENT_TIMESTAMP,null,'MU','Mauritius',null,null,2,103);
INSERT INTO ADM_COUNTRY (id, version, created, updated, country_code, description_en,creator_id, updater_id, language_id,currency_id) VALUES(144,1,CURRENT_TIMESTAMP,null,'MV','Maldives',null,null,2,100);
INSERT INTO ADM_COUNTRY (id, version, created, updated, country_code, description_en,creator_id, updater_id, language_id,currency_id) VALUES(145,1,CURRENT_TIMESTAMP,null,'MW','Malawi',null,null,2,99);
INSERT INTO ADM_COUNTRY (id, version, created, updated, country_code, description_en,creator_id, updater_id, language_id,currency_id) VALUES(146,1,CURRENT_TIMESTAMP,null,'MX','Mexico',null,null,2,105);
INSERT INTO ADM_COUNTRY (id, version, created, updated, country_code, description_en,creator_id, updater_id, language_id,currency_id) VALUES(147,1,CURRENT_TIMESTAMP,null,'MY','Malaysia',null,null,2,98);
INSERT INTO ADM_COUNTRY (id, version, created, updated, country_code, description_en,creator_id, updater_id, language_id,currency_id) VALUES(148,1,CURRENT_TIMESTAMP,null,'MZ','Mozambique',null,null,2,108);
INSERT INTO ADM_COUNTRY (id, version, created, updated, country_code, description_en,creator_id, updater_id, language_id,currency_id) VALUES(149,1,CURRENT_TIMESTAMP,null,'NA','Namibia',null,null,2,110);
INSERT INTO ADM_COUNTRY (id, version, created, updated, country_code, description_en,creator_id, updater_id, language_id,currency_id) VALUES(150,1,CURRENT_TIMESTAMP,null,'NC','New Caledonia',null,null,2,114);
INSERT INTO ADM_COUNTRY (id, version, created, updated, country_code, description_en,creator_id, updater_id, language_id,currency_id) VALUES(151,1,CURRENT_TIMESTAMP,null,'NE','Niger',null,null,12,20);
INSERT INTO ADM_COUNTRY (id, version, created, updated, country_code, description_en,creator_id, updater_id, language_id,currency_id) VALUES(152,1,CURRENT_TIMESTAMP,null,'NF','Norfolk Island',null,null,2,13);
INSERT INTO ADM_COUNTRY (id, version, created, updated, country_code, description_en,creator_id, updater_id, language_id,currency_id) VALUES(153,1,CURRENT_TIMESTAMP,null,'NG','Nigeria',null,null,2,113);
INSERT INTO ADM_COUNTRY (id, version, created, updated, country_code, description_en,creator_id, updater_id, language_id,currency_id) VALUES(154,1,CURRENT_TIMESTAMP,null,'NI','Nicaragua',null,null,8,112);
INSERT INTO ADM_COUNTRY (id, version, created, updated, country_code, description_en,creator_id, updater_id, language_id,currency_id) VALUES(155,1,CURRENT_TIMESTAMP,null,'NL','Netherlands',null,null,2,5);
INSERT INTO ADM_COUNTRY (id, version, created, updated, country_code, description_en,creator_id, updater_id, language_id,currency_id) VALUES(156,1,CURRENT_TIMESTAMP,null,'NO','Norway',null,null,2,31);
INSERT INTO ADM_COUNTRY (id, version, created, updated, country_code, description_en,creator_id, updater_id, language_id,currency_id) VALUES(157,1,CURRENT_TIMESTAMP,null,'NP','Nepal',null,null,2,111);
INSERT INTO ADM_COUNTRY (id, version, created, updated, country_code, description_en,creator_id, updater_id, language_id,currency_id) VALUES(158,1,CURRENT_TIMESTAMP,null,'NR','Nauru',null,null,2,13);
INSERT INTO ADM_COUNTRY (id, version, created, updated, country_code, description_en,creator_id, updater_id, language_id,currency_id) VALUES(159,1,CURRENT_TIMESTAMP,null,'NU','Niue',null,null,2,72);
INSERT INTO ADM_COUNTRY (id, version, created, updated, country_code, description_en,creator_id, updater_id, language_id,currency_id) VALUES(160,1,CURRENT_TIMESTAMP,null,'NZ','New Zealand',null,null,2,72);
INSERT INTO ADM_COUNTRY (id, version, created, updated, country_code, description_en,creator_id, updater_id, language_id,currency_id) VALUES(161,1,CURRENT_TIMESTAMP,null,'OM','Oman',null,null,2,115);
INSERT INTO ADM_COUNTRY (id, version, created, updated, country_code, description_en,creator_id, updater_id, language_id,currency_id) VALUES(162,1,CURRENT_TIMESTAMP,null,'PA','Panama',null,null,8,120);
INSERT INTO ADM_COUNTRY (id, version, created, updated, country_code, description_en,creator_id, updater_id, language_id,currency_id) VALUES(163,1,CURRENT_TIMESTAMP,null,'PE','Peru',null,null,8,123);
INSERT INTO ADM_COUNTRY (id, version, created, updated, country_code, description_en,creator_id, updater_id, language_id,currency_id) VALUES(164,1,CURRENT_TIMESTAMP,null,'PF','French Polynesia',null,null,12,114);
INSERT INTO ADM_COUNTRY (id, version, created, updated, country_code, description_en,creator_id, updater_id, language_id,currency_id) VALUES(165,1,CURRENT_TIMESTAMP,null,'PG','Papua New Guinea',null,null,12,121);
INSERT INTO ADM_COUNTRY (id, version, created, updated, country_code, description_en,creator_id, updater_id, language_id,currency_id) VALUES(166,1,CURRENT_TIMESTAMP,null,'PH','Philippines',null,null,2,124);
INSERT INTO ADM_COUNTRY (id, version, created, updated, country_code, description_en,creator_id, updater_id, language_id,currency_id) VALUES(167,1,CURRENT_TIMESTAMP,null,'PK','Pakistan',null,null,2,119);
INSERT INTO ADM_COUNTRY (id, version, created, updated, country_code, description_en,creator_id, updater_id, language_id,currency_id) VALUES(168,1,CURRENT_TIMESTAMP,null,'PL','Poland',null,null,2,125);
INSERT INTO ADM_COUNTRY (id, version, created, updated, country_code, description_en,creator_id, updater_id, language_id,currency_id) VALUES(169,1,CURRENT_TIMESTAMP,null,'PM','Saint Pierre and Miquelon',null,null,2,5);
INSERT INTO ADM_COUNTRY (id, version, created, updated, country_code, description_en,creator_id, updater_id, language_id,currency_id) VALUES(170,1,CURRENT_TIMESTAMP,null,'PN','Pitcairn Islands',null,null,2,72);
INSERT INTO ADM_COUNTRY (id, version, created, updated, country_code, description_en,creator_id, updater_id, language_id,currency_id) VALUES(171,1,CURRENT_TIMESTAMP,null,'PR','Puerto Rico',null,null,8,49);
INSERT INTO ADM_COUNTRY (id, version, created, updated, country_code, description_en,creator_id, updater_id, language_id,currency_id) VALUES(172,1,CURRENT_TIMESTAMP,null,'PS','Palestinian Territory, Occupied',null,null,2,5);
INSERT INTO ADM_COUNTRY (id, version, created, updated, country_code, description_en,creator_id, updater_id, language_id,currency_id) VALUES(173,1,CURRENT_TIMESTAMP,null,'PT','Portugal',null,null,2,5);
INSERT INTO ADM_COUNTRY (id, version, created, updated, country_code, description_en,creator_id, updater_id, language_id,currency_id) VALUES(174,1,CURRENT_TIMESTAMP,null,'PW','Palau',null,null,2,49);
INSERT INTO ADM_COUNTRY (id, version, created, updated, country_code, description_en,creator_id, updater_id, language_id,currency_id) VALUES(175,1,CURRENT_TIMESTAMP,null,'PY','Paraguay',null,null,2,122);
INSERT INTO ADM_COUNTRY (id, version, created, updated, country_code, description_en,creator_id, updater_id, language_id,currency_id) VALUES(176,1,CURRENT_TIMESTAMP,null,'QA','Qatar',null,null,2,126);
INSERT INTO ADM_COUNTRY (id, version, created, updated, country_code, description_en,creator_id, updater_id, language_id,currency_id) VALUES(177,1,CURRENT_TIMESTAMP,null,'RE','RÃ©union',null,null,2,5);
INSERT INTO ADM_COUNTRY (id, version, created, updated, country_code, description_en,creator_id, updater_id, language_id,currency_id) VALUES(178,1,CURRENT_TIMESTAMP,null,'RO','Romania',null,null,2,128);
INSERT INTO ADM_COUNTRY (id, version, created, updated, country_code, description_en,creator_id, updater_id, language_id,currency_id) VALUES(179,1,CURRENT_TIMESTAMP,null,'RU','Russia',null,null,2,129);
INSERT INTO ADM_COUNTRY (id, version, created, updated, country_code, description_en,creator_id, updater_id, language_id,currency_id) VALUES(180,1,CURRENT_TIMESTAMP,null,'RW','Rwanda',null,null,2,130);
INSERT INTO ADM_COUNTRY (id, version, created, updated, country_code, description_en,creator_id, updater_id, language_id,currency_id) VALUES(181,1,CURRENT_TIMESTAMP,null,'SA','Saudi Arabia',null,null,2,9);
INSERT INTO ADM_COUNTRY (id, version, created, updated, country_code, description_en,creator_id, updater_id, language_id,currency_id) VALUES(182,1,CURRENT_TIMESTAMP,null,'SB','Solomon Islands',null,null,2,131);
INSERT INTO ADM_COUNTRY (id, version, created, updated, country_code, description_en,creator_id, updater_id, language_id,currency_id) VALUES(183,1,CURRENT_TIMESTAMP,null,'SC','Seychelles',null,null,2,136);
INSERT INTO ADM_COUNTRY (id, version, created, updated, country_code, description_en,creator_id, updater_id, language_id,currency_id) VALUES(184,1,CURRENT_TIMESTAMP,null,'SD','Sudan',null,null,2,21);
INSERT INTO ADM_COUNTRY (id, version, created, updated, country_code, description_en,creator_id, updater_id, language_id,currency_id) VALUES(185,1,CURRENT_TIMESTAMP,null,'SE','Sweden',null,null,2,145);
INSERT INTO ADM_COUNTRY (id, version, created, updated, country_code, description_en,creator_id, updater_id, language_id,currency_id) VALUES(186,1,CURRENT_TIMESTAMP,null,'SG','Singapore',null,null,2,138);
INSERT INTO ADM_COUNTRY (id, version, created, updated, country_code, description_en,creator_id, updater_id, language_id,currency_id) VALUES(187,1,CURRENT_TIMESTAMP,null,'SH','Saint Helena',null,null,2,144);
INSERT INTO ADM_COUNTRY (id, version, created, updated, country_code, description_en,creator_id, updater_id, language_id,currency_id) VALUES(188,1,CURRENT_TIMESTAMP,null,'SI','Slovenia',null,null,2,140);
INSERT INTO ADM_COUNTRY (id, version, created, updated, country_code, description_en,creator_id, updater_id, language_id,currency_id) VALUES(189,1,CURRENT_TIMESTAMP,null,'SJ','Svalbard',null,null,2,31);
INSERT INTO ADM_COUNTRY (id, version, created, updated, country_code, description_en,creator_id, updater_id, language_id,currency_id) VALUES(190,1,CURRENT_TIMESTAMP,null,'SK','Slovakia',null,null,2,139);
INSERT INTO ADM_COUNTRY (id, version, created, updated, country_code, description_en,creator_id, updater_id, language_id,currency_id) VALUES(191,1,CURRENT_TIMESTAMP,null,'SL','Sierra Leone',null,null,2,137);
INSERT INTO ADM_COUNTRY (id, version, created, updated, country_code, description_en,creator_id, updater_id, language_id,currency_id) VALUES(192,1,CURRENT_TIMESTAMP,null,'SM','San Marino',null,null,2,5);
INSERT INTO ADM_COUNTRY (id, version, created, updated, country_code, description_en,creator_id, updater_id, language_id,currency_id) VALUES(193,1,CURRENT_TIMESTAMP,null,'SN','Senegal',null,null,2,20);
INSERT INTO ADM_COUNTRY (id, version, created, updated, country_code, description_en,creator_id, updater_id, language_id,currency_id) VALUES(194,1,CURRENT_TIMESTAMP,null,'SO','Somalia',null,null,2,141);
INSERT INTO ADM_COUNTRY (id, version, created, updated, country_code, description_en,creator_id, updater_id, language_id,currency_id) VALUES(195,1,CURRENT_TIMESTAMP,null,'SR','Suriname',null,null,2,5);
INSERT INTO ADM_COUNTRY (id, version, created, updated, country_code, description_en,creator_id, updater_id, language_id,currency_id) VALUES(196,1,CURRENT_TIMESTAMP,null,'ST','SÃ£o TomÃ© and PrÃ_ncipe',null,null,2,134);
INSERT INTO ADM_COUNTRY (id, version, created, updated, country_code, description_en,creator_id, updater_id, language_id,currency_id) VALUES(197,1,CURRENT_TIMESTAMP,null,'SV','El Salvador',null,null,2,132);
INSERT INTO ADM_COUNTRY (id, version, created, updated, country_code, description_en,creator_id, updater_id, language_id,currency_id) VALUES(198,1,CURRENT_TIMESTAMP,null,'SY','Syria',null,null,2,148);
INSERT INTO ADM_COUNTRY (id, version, created, updated, country_code, description_en,creator_id, updater_id, language_id,currency_id) VALUES(199,1,CURRENT_TIMESTAMP,null,'SZ','Swaziland',null,null,2,147);
INSERT INTO ADM_COUNTRY (id, version, created, updated, country_code, description_en,creator_id, updater_id, language_id,currency_id) VALUES(200,1,CURRENT_TIMESTAMP,null,'TC','Turks and Caicos Islands',null,null,2,49);
INSERT INTO ADM_COUNTRY (id, version, created, updated, country_code, description_en,creator_id, updater_id, language_id,currency_id) VALUES(201,1,CURRENT_TIMESTAMP,null,'TD','Chad',null,null,2,34);
INSERT INTO ADM_COUNTRY (id, version, created, updated, country_code, description_en,creator_id, updater_id, language_id,currency_id) VALUES(202,1,CURRENT_TIMESTAMP,null,'TF','French Southern and Antarctic La',null,null,2,5);
INSERT INTO ADM_COUNTRY (id, version, created, updated, country_code, description_en,creator_id, updater_id, language_id,currency_id) VALUES(203,1,CURRENT_TIMESTAMP,null,'TG','Togo',null,null,2,20);
INSERT INTO ADM_COUNTRY (id, version, created, updated, country_code, description_en,creator_id, updater_id, language_id,currency_id) VALUES(204,1,CURRENT_TIMESTAMP,null,'TH','Thailand',null,null,2,153);
INSERT INTO ADM_COUNTRY (id, version, created, updated, country_code, description_en,creator_id, updater_id, language_id,currency_id) VALUES(205,1,CURRENT_TIMESTAMP,null,'TJ','Tajikistan',null,null,2,149);
INSERT INTO ADM_COUNTRY (id, version, created, updated, country_code, description_en,creator_id, updater_id, language_id,currency_id) VALUES(206,1,CURRENT_TIMESTAMP,null,'TK','Tokelau',null,null,2,72);
INSERT INTO ADM_COUNTRY (id, version, created, updated, country_code, description_en,creator_id, updater_id, language_id,currency_id) VALUES(207,1,CURRENT_TIMESTAMP,null,'TM','Turkmenistan',null,null,2,157);
INSERT INTO ADM_COUNTRY (id, version, created, updated, country_code, description_en,creator_id, updater_id, language_id,currency_id) VALUES(208,1,CURRENT_TIMESTAMP,null,'TN','Tunisia',null,null,2,156);
INSERT INTO ADM_COUNTRY (id, version, created, updated, country_code, description_en,creator_id, updater_id, language_id,currency_id) VALUES(209,1,CURRENT_TIMESTAMP,null,'TO','Tonga',null,null,2,154);
INSERT INTO ADM_COUNTRY (id, version, created, updated, country_code, description_en,creator_id, updater_id, language_id,currency_id) VALUES(210,1,CURRENT_TIMESTAMP,null,'TL','East timor',null,null,2,5);
INSERT INTO ADM_COUNTRY (id, version, created, updated, country_code, description_en,creator_id, updater_id, language_id,currency_id) VALUES(211,1,CURRENT_TIMESTAMP,null,'TR','Turkey',null,null,2,159);
INSERT INTO ADM_COUNTRY (id, version, created, updated, country_code, description_en,creator_id, updater_id, language_id,currency_id) VALUES(212,1,CURRENT_TIMESTAMP,null,'TT','Trinidad and Tobago',null,null,2,155);
INSERT INTO ADM_COUNTRY (id, version, created, updated, country_code, description_en,creator_id, updater_id, language_id,currency_id) VALUES(213,1,CURRENT_TIMESTAMP,null,'TV','Tuvalu',null,null,2,13);
INSERT INTO ADM_COUNTRY (id, version, created, updated, country_code, description_en,creator_id, updater_id, language_id,currency_id) VALUES(214,1,CURRENT_TIMESTAMP,null,'TW','Taiwan',null,null,2,150);
INSERT INTO ADM_COUNTRY (id, version, created, updated, country_code, description_en,creator_id, updater_id, language_id,currency_id) VALUES(215,1,CURRENT_TIMESTAMP,null,'TZ','Tanzania',null,null,2,151);
INSERT INTO ADM_COUNTRY (id, version, created, updated, country_code, description_en,creator_id, updater_id, language_id,currency_id) VALUES(216,1,CURRENT_TIMESTAMP,null,'UA','Ukraine',null,null,2,160);
INSERT INTO ADM_COUNTRY (id, version, created, updated, country_code, description_en,creator_id, updater_id, language_id,currency_id) VALUES(217,1,CURRENT_TIMESTAMP,null,'UG','Uganda',null,null,2,117);
INSERT INTO ADM_COUNTRY (id, version, created, updated, country_code, description_en,creator_id, updater_id, language_id,currency_id) VALUES(218,1,CURRENT_TIMESTAMP,null,'GB','United Kingdom',null,null,2,65);
INSERT INTO ADM_COUNTRY (id, version, created, updated, country_code, description_en,creator_id, updater_id, language_id,currency_id) VALUES(219,1,CURRENT_TIMESTAMP,null,'UM','United States Minor Outlying Isl',null,null,2,49);
INSERT INTO ADM_COUNTRY (id, version, created, updated, country_code, description_en,creator_id, updater_id, language_id,currency_id) VALUES(220,1,CURRENT_TIMESTAMP,null,'US','United States',null,null,2,49);
INSERT INTO ADM_COUNTRY (id, version, created, updated, country_code, description_en,creator_id, updater_id, language_id,currency_id) VALUES(221,1,CURRENT_TIMESTAMP,null,'UY','Uruguay',null,null,2,161);
INSERT INTO ADM_COUNTRY (id, version, created, updated, country_code, description_en,creator_id, updater_id, language_id,currency_id) VALUES(222,1,CURRENT_TIMESTAMP,null,'UZ','Uzbekistan',null,null,2,118);
INSERT INTO ADM_COUNTRY (id, version, created, updated, country_code, description_en,creator_id, updater_id, language_id,currency_id) VALUES(223,1,CURRENT_TIMESTAMP,null,'VA','Holy See Vatican City',null,null,2,5);
INSERT INTO ADM_COUNTRY (id, version, created, updated, country_code, description_en,creator_id, updater_id, language_id,currency_id) VALUES(224,1,CURRENT_TIMESTAMP,null,'VC','Saint Vincent and the Grenadines',null,null,2,7);
INSERT INTO ADM_COUNTRY (id, version, created, updated, country_code, description_en,creator_id, updater_id, language_id,currency_id) VALUES(225,1,CURRENT_TIMESTAMP,null,'VE','Venezuela',null,null,2,5);
INSERT INTO ADM_COUNTRY (id, version, created, updated, country_code, description_en,creator_id, updater_id, language_id,currency_id) VALUES(226,1,CURRENT_TIMESTAMP,null,'VG','British Virgin Islands',null,null,2,49);
INSERT INTO ADM_COUNTRY (id, version, created, updated, country_code, description_en,creator_id, updater_id, language_id,currency_id) VALUES(227,1,CURRENT_TIMESTAMP,null,'VI','Virgin Islands',null,null,2,49);
INSERT INTO ADM_COUNTRY (id, version, created, updated, country_code, description_en,creator_id, updater_id, language_id,currency_id) VALUES(228,1,CURRENT_TIMESTAMP,null,'VN','Vietnam',null,null,2,164);
INSERT INTO ADM_COUNTRY (id, version, created, updated, country_code, description_en,creator_id, updater_id, language_id,currency_id) VALUES(229,1,CURRENT_TIMESTAMP,null,'VU','Vanuatu',null,null,2,162);
INSERT INTO ADM_COUNTRY (id, version, created, updated, country_code, description_en,creator_id, updater_id, language_id,currency_id) VALUES(230,1,CURRENT_TIMESTAMP,null,'WF','Wallis and Futuna',null,null,2,114);
INSERT INTO ADM_COUNTRY (id, version, created, updated, country_code, description_en,creator_id, updater_id, language_id,currency_id) VALUES(231,1,CURRENT_TIMESTAMP,null,'WS','Samoa',null,null,2,133);
INSERT INTO ADM_COUNTRY (id, version, created, updated, country_code, description_en,creator_id, updater_id, language_id,currency_id) VALUES(232,1,CURRENT_TIMESTAMP,null,'YE','Yemen',null,null,2,165);
INSERT INTO ADM_COUNTRY (id, version, created, updated, country_code, description_en,creator_id, updater_id, language_id,currency_id) VALUES(233,1,CURRENT_TIMESTAMP,null,'YT','Mayotte',null,null,2,5);
INSERT INTO ADM_COUNTRY (id, version, created, updated, country_code, description_en,creator_id, updater_id, language_id,currency_id) VALUES(234,1,CURRENT_TIMESTAMP,null,'YU','Yugoslavia',null,null,2,5);
INSERT INTO ADM_COUNTRY (id, version, created, updated, country_code, description_en,creator_id, updater_id, language_id,currency_id) VALUES(235,1,CURRENT_TIMESTAMP,null,'ZA','South Africa',null,null,2,2);
INSERT INTO ADM_COUNTRY (id, version, created, updated, country_code, description_en,creator_id, updater_id, language_id,currency_id) VALUES(236,1,CURRENT_TIMESTAMP,null,'ZM','Zambia',null,null,2,166);
INSERT INTO ADM_COUNTRY (id, version, created, updated, country_code, description_en,creator_id, updater_id, language_id,currency_id) VALUES(237,1,CURRENT_TIMESTAMP,null,'ZW','Zimbabwe',null,null,2,167);

/* CRM PROVIDER */

INSERT INTO CRM_PROVIDER (id, version, disabled, created, updated, code, description, multicountry_flag, 
multicurrency_flag, multilanguage_flag, payment_methods, logo, invoice_prefix, current_invoice_nb, rating_rounding,
 bank_code, branch_code, account_number, hash_key, iban, bic, account_owner, bank_name, bank_id, issuer_number,
  issuer_name, entreprise, automatic_invoicing, display_free_tx_in_invoice, nne, address_1, address_2, address_3,
   address_zipcode, address_city, address_country, address_state, amount_validation, level_duplication, email,
    country_id, currency_id, updater_id,creator_id,language_id,prepaid_resrv_delay_ms) 
    VALUES (1, 1, false, CURRENT_TIMESTAMP, NULL, 'DEMO', NULL, true, true, true, NULL, NULL, NULL, NULL, NULL,
     'SGMB', '12345', '33333333333', '11', '11', '11', 'owner', 'SGMB', '11', '1111', 'DEMO', false, false, true,
      NULL, NULL, NULL, NULL, NULL, NULL, NULL, NULL, false, false, NULL, 1, 1, NULL,NULL, 1,60000);
INSERT INTO CRM_PROVIDER (id, version, disabled, created, updated, code, description,
 multicountry_flag, multicurrency_flag, multilanguage_flag, payment_methods,
  logo, invoice_prefix, current_invoice_nb, rating_rounding, bank_code,
   branch_code, account_number, hash_key, iban, bic, account_owner, bank_name,
    bank_id, issuer_number, issuer_name, entreprise, automatic_invoicing,
     display_free_tx_in_invoice, nne, address_1, address_2, address_3, address_zipcode,
      address_city, address_country, address_state, amount_validation, level_duplication,
       email, country_id, currency_id, updater_id,creator_id,language_id,
       prepaid_resrv_delay_ms) 
  VALUES (1, 1, false, CURRENT_TIMESTAMP, NULL, 'DEMO', NULL, true, true, true, 
  NULL, NULL, NULL, NULL, NULL, 'SGMB', '12345', '33333333333', '11', '11', '11',
   'owner', 'SGMB', '11', '1111', 'DEMO', false, false, true, NULL, NULL, NULL, NULL, NULL,
    NULL, NULL, NULL, false, false, NULL, 1, 1, NULL,NULL, 1,60000);

/* ADM_TITLE */

INSERT INTO ADM_TITLE (ID, VERSION, DISABLED, CREATED, PROVIDER_ID, UPDATED, CODE, DESCRIPTION, IS_COMPANY, CREATOR_ID, UPDATER_ID) VALUES (1, 0, false, CURRENT_TIMESTAMP, 1, null, 'AGCE', 'Agency', true, null, null);
INSERT INTO ADM_TITLE (ID, VERSION, DISABLED, CREATED, PROVIDER_ID, UPDATED, CODE, DESCRIPTION, IS_COMPANY, CREATOR_ID, UPDATER_ID) VALUES (2, 0, false, CURRENT_TIMESTAMP, 1, null, 'ASSO', 'Association', true, null, null);
INSERT INTO ADM_TITLE (ID, VERSION, DISABLED, CREATED, PROVIDER_ID, UPDATED, CODE, DESCRIPTION, IS_COMPANY, CREATOR_ID, UPDATER_ID) VALUES (3, 0, false, CURRENT_TIMESTAMP, 1, null, 'CAB', 'Office', true, null, null);
INSERT INTO ADM_TITLE (ID, VERSION, DISABLED, CREATED, PROVIDER_ID, UPDATED, CODE, DESCRIPTION, IS_COMPANY, CREATOR_ID, UPDATER_ID) VALUES (4, 0, false, CURRENT_TIMESTAMP, 1, null, 'COLL', 'College', true, null, null);
INSERT INTO ADM_TITLE (ID, VERSION, DISABLED, CREATED, PROVIDER_ID, UPDATED, CODE, DESCRIPTION, IS_COMPANY, CREATOR_ID, UPDATER_ID) VALUES (5, 0, false, CURRENT_TIMESTAMP, 1, null, 'COM', 'Municipality', true, null, null);
INSERT INTO ADM_TITLE (ID, VERSION, DISABLED, CREATED, PROVIDER_ID, UPDATED, CODE, DESCRIPTION, IS_COMPANY, CREATOR_ID, UPDATER_ID) VALUES (6, 0, false, CURRENT_TIMESTAMP, 1, null, 'COPR', 'Co-ownership', true, null, null);
INSERT INTO ADM_TITLE (ID, VERSION, DISABLED, CREATED, PROVIDER_ID, UPDATED, CODE, DESCRIPTION, IS_COMPANY, CREATOR_ID, UPDATER_ID) VALUES (7, 0, false, CURRENT_TIMESTAMP, 1, null, 'CSSE', 'Saving office', true, null, null);
INSERT INTO ADM_TITLE (ID, VERSION, DISABLED, CREATED, PROVIDER_ID, UPDATED, CODE, DESCRIPTION, IS_COMPANY, CREATOR_ID, UPDATER_ID) VALUES (8, 0, false, CURRENT_TIMESTAMP, 1, null, 'EARL', 'EARL', true, null, null);
INSERT INTO ADM_TITLE (ID, VERSION, DISABLED, CREATED, PROVIDER_ID, UPDATED, CODE, DESCRIPTION, IS_COMPANY, CREATOR_ID, UPDATER_ID) VALUES (9, 0, false, CURRENT_TIMESTAMP, 1, null, 'ETS', 'Etablishment', true, null, null);
INSERT INTO ADM_TITLE (ID, VERSION, DISABLED, CREATED, PROVIDER_ID, UPDATED, CODE, DESCRIPTION, IS_COMPANY, CREATOR_ID, UPDATER_ID) VALUES (10, 0, false, CURRENT_TIMESTAMP, 1, null, 'EURL', 'EURL', true, null, null);
INSERT INTO ADM_TITLE (ID, VERSION, DISABLED, CREATED, PROVIDER_ID, UPDATED, CODE, DESCRIPTION, IS_COMPANY, CREATOR_ID, UPDATER_ID) VALUES (11, 0, false, CURRENT_TIMESTAMP, 1, null, 'GAEC', 'GAEC', true, null, null);
INSERT INTO ADM_TITLE (ID, VERSION, DISABLED, CREATED, PROVIDER_ID, UPDATED, CODE, DESCRIPTION, IS_COMPANY, CREATOR_ID, UPDATER_ID) VALUES (12, 0, false, CURRENT_TIMESTAMP, 1, null, 'HLM', 'HLM', true, null, null);
INSERT INTO ADM_TITLE (ID, VERSION, DISABLED, CREATED, PROVIDER_ID, UPDATED, CODE, DESCRIPTION, IS_COMPANY, CREATOR_ID, UPDATER_ID) VALUES (13, 0, false, CURRENT_TIMESTAMP, 1, null, 'HOPI', 'Hospital', true, null, null);
INSERT INTO ADM_TITLE (ID, VERSION, DISABLED, CREATED, PROVIDER_ID, UPDATED, CODE, DESCRIPTION, IS_COMPANY, CREATOR_ID, UPDATER_ID) VALUES (14, 0, false, CURRENT_TIMESTAMP, 1, null, 'INST', 'Institute', true, null, null);
INSERT INTO ADM_TITLE (ID, VERSION, DISABLED, CREATED, PROVIDER_ID, UPDATED, CODE, DESCRIPTION, IS_COMPANY, CREATOR_ID, UPDATER_ID) VALUES (15, 0, false, CURRENT_TIMESTAMP, 1, null, 'LABO', 'Laboratory', true, null, null);
INSERT INTO ADM_TITLE (ID, VERSION, DISABLED, CREATED, PROVIDER_ID, UPDATED, CODE, DESCRIPTION, IS_COMPANY, CREATOR_ID, UPDATER_ID) VALUES (16, 0, false, CURRENT_TIMESTAMP, 1, null, 'M', 'Sir', false, null, null);
INSERT INTO ADM_TITLE (ID, VERSION, DISABLED, CREATED, PROVIDER_ID, UPDATED, CODE, DESCRIPTION, IS_COMPANY, CREATOR_ID, UPDATER_ID) VALUES (17, 0, false, CURRENT_TIMESTAMP, 1, null, 'MLLES', 'Miss', false, null, null);
INSERT INTO ADM_TITLE (ID, VERSION, DISABLED, CREATED, PROVIDER_ID, UPDATED, CODE, DESCRIPTION, IS_COMPANY, CREATOR_ID, UPDATER_ID) VALUES (18, 0, false, CURRENT_TIMESTAMP, 1, null, 'MLLE_M', 'Miss Sir', false, null, null);
INSERT INTO ADM_TITLE (ID, VERSION, DISABLED, CREATED, PROVIDER_ID, UPDATED, CODE, DESCRIPTION, IS_COMPANY, CREATOR_ID, UPDATER_ID) VALUES (19, 0, false, CURRENT_TIMESTAMP, 1, null, 'MLLE', 'Miss', false, null, null);
INSERT INTO ADM_TITLE (ID, VERSION, DISABLED, CREATED, PROVIDER_ID, UPDATED, CODE, DESCRIPTION, IS_COMPANY, CREATOR_ID, UPDATER_ID) VALUES (20, 0, false, CURRENT_TIMESTAMP, 1, null, 'MM', 'Sirs', false, null, null);
INSERT INTO ADM_TITLE (ID, VERSION, DISABLED, CREATED, PROVIDER_ID, UPDATED, CODE, DESCRIPTION, IS_COMPANY, CREATOR_ID, UPDATER_ID) VALUES (21, 0, false, CURRENT_TIMESTAMP, 1, null, 'MME', 'Madam', false, null, null);
INSERT INTO ADM_TITLE (ID, VERSION, DISABLED, CREATED, PROVIDER_ID, UPDATED, CODE, DESCRIPTION, IS_COMPANY, CREATOR_ID, UPDATER_ID) VALUES (22, 0, false, CURRENT_TIMESTAMP, 1, null, 'MME_M', 'Madam Sir', false, null, null);
INSERT INTO ADM_TITLE (ID, VERSION, DISABLED, CREATED, PROVIDER_ID, UPDATED, CODE, DESCRIPTION, IS_COMPANY, CREATOR_ID, UPDATER_ID) VALUES (23, 0, false, CURRENT_TIMESTAMP, 1, null, 'MMES', 'Ladies', false, null, null);
INSERT INTO ADM_TITLE (ID, VERSION, DISABLED, CREATED, PROVIDER_ID, UPDATED, CODE, DESCRIPTION, IS_COMPANY, CREATOR_ID, UPDATER_ID) VALUES (24, 0, false, CURRENT_TIMESTAMP, 1, null, 'MTRE', 'Master', true, null, null);
INSERT INTO ADM_TITLE (ID, VERSION, DISABLED, CREATED, PROVIDER_ID, UPDATED, CODE, DESCRIPTION, IS_COMPANY, CREATOR_ID, UPDATER_ID) VALUES (25, 0, false, CURRENT_TIMESTAMP, 1, null, 'SA', 'Limited company', true, null, null);
INSERT INTO ADM_TITLE (ID, VERSION, DISABLED, CREATED, PROVIDER_ID, UPDATED, CODE, DESCRIPTION, IS_COMPANY, CREATOR_ID, UPDATER_ID) VALUES (26, 0, false, CURRENT_TIMESTAMP, 1, null, 'SARL', 'SARL', true, null, null);
INSERT INTO ADM_TITLE (ID, VERSION, DISABLED, CREATED, PROVIDER_ID, UPDATED, CODE, DESCRIPTION, IS_COMPANY, CREATOR_ID, UPDATER_ID) VALUES (27, 0, false, CURRENT_TIMESTAMP, 1, null, 'SCEA', 'SCEA', true, null, null);
INSERT INTO ADM_TITLE (ID, VERSION, DISABLED, CREATED, PROVIDER_ID, UPDATED, CODE, DESCRIPTION, IS_COMPANY, CREATOR_ID, UPDATER_ID) VALUES (28, 0, false, CURRENT_TIMESTAMP, 1, null, 'SCI', 'SCI', true, null, null);
INSERT INTO ADM_TITLE (ID, VERSION, DISABLED, CREATED, PROVIDER_ID, UPDATED, CODE, DESCRIPTION, IS_COMPANY, CREATOR_ID, UPDATER_ID) VALUES (29, 0, false, CURRENT_TIMESTAMP, 1, null, 'SCM', 'SCM', true, null, null);
INSERT INTO ADM_TITLE (ID, VERSION, DISABLED, CREATED, PROVIDER_ID, UPDATED, CODE, DESCRIPTION, IS_COMPANY, CREATOR_ID, UPDATER_ID) VALUES (30, 0, false, CURRENT_TIMESTAMP, 1, null, 'SCP', 'SCP', true, null, null);
INSERT INTO ADM_TITLE (ID, VERSION, DISABLED, CREATED, PROVIDER_ID, UPDATED, CODE, DESCRIPTION, IS_COMPANY, CREATOR_ID, UPDATER_ID) VALUES (31, 0, false, CURRENT_TIMESTAMP, 1, null, 'SELARL', 'SELARL', true, null, null);
INSERT INTO ADM_TITLE (ID, VERSION, DISABLED, CREATED, PROVIDER_ID, UPDATED, CODE, DESCRIPTION, IS_COMPANY, CREATOR_ID, UPDATER_ID) VALUES (32, 0, false, CURRENT_TIMESTAMP, 1, null, 'SNC', 'SNC', true, null, null);
INSERT INTO ADM_TITLE (ID, VERSION, DISABLED, CREATED, PROVIDER_ID, UPDATED, CODE, DESCRIPTION, IS_COMPANY, CREATOR_ID, UPDATER_ID) VALUES (33, 0, false, CURRENT_TIMESTAMP, 1, null, 'SNI', 'SNI', true, null, null);
INSERT INTO ADM_TITLE (ID, VERSION, DISABLED, CREATED, PROVIDER_ID, UPDATED, CODE, DESCRIPTION, IS_COMPANY, CREATOR_ID, UPDATER_ID) VALUES (34, 0, false, CURRENT_TIMESTAMP, 1, null, 'STE', 'Company', true, null, null);
INSERT INTO ADM_TITLE (ID, VERSION, DISABLED, CREATED, PROVIDER_ID, UPDATED, CODE, DESCRIPTION, IS_COMPANY, CREATOR_ID, UPDATER_ID) VALUES (35, 0, false, CURRENT_TIMESTAMP, 1, null, 'SUCC', 'Succession', true, null, null);
INSERT INTO ADM_TITLE (ID, VERSION, DISABLED, CREATED, PROVIDER_ID, UPDATED, CODE, DESCRIPTION, IS_COMPANY, CREATOR_ID, UPDATER_ID) VALUES (36, 0, false, CURRENT_TIMESTAMP, 1, null, 'SYNDIC', 'Syndicate', true, null, null);
INSERT INTO ADM_TITLE (ID, VERSION, DISABLED, CREATED, PROVIDER_ID, UPDATED, CODE, DESCRIPTION, IS_COMPANY, CREATOR_ID, UPDATER_ID) VALUES (37, 0, false, CURRENT_TIMESTAMP, 1, null, 'SYNDCOP', 'Management agent', true, null, null);

/* ADM_USER */
INSERT INTO ADM_USER (ID, VERSION, DISABLED, CREATED, USERNAME, PASSWORD, LAST_PASSWORD_MODIFICATION, CREATOR_ID, PROVIDER_ID) VALUES ('1', 0, false, CURRENT_TIMESTAMP,  'MEVEO.ADMIN', 'fb93a3221422999ba49eb103977a6d736376505b', CURRENT_TIMESTAMP, 1, 1);
INSERT INTO ADM_USER (ID, VERSION, DISABLED, CREATED, USERNAME, PASSWORD, LAST_PASSWORD_MODIFICATION, CREATOR_ID, PROVIDER_ID) VALUES ('2', 0, false, CURRENT_TIMESTAMP,  'MEVEO.SUPERADMIN', '6170b9cb8d9d2ef00787ffd326bf60f81a5b30c2', CURRENT_TIMESTAMP , 1, 1);

/* ADM_ROLE */
INSERT INTO ADM_ROLE (ID, VERSION, ROLE_NAME, ROLE_DESCRIPTION, PROVIDER_ID) VALUES (1, 0, 'administrateur', 'Administrateur',1);
INSERT INTO ADM_ROLE (ID, VERSION, ROLE_NAME, ROLE_DESCRIPTION, PROVIDER_ID) VALUES (2, 0, 'superAdministrateur', 'Super Administrateur',1);

/* ADM_USER_ROLE */
INSERT INTO ADM_USER_ROLE (USER_ID, ROLE_ID) VALUES (1, 1);
INSERT INTO ADM_USER_ROLE (USER_ID, ROLE_ID) VALUES (2, 2);

/* ADM_PERMISSION */
INSERT INTO ADM_PERMISSION (ID,NAME,RESSOURCE,PERMISSION) VALUES (1,'Administration visualization','administration','administrationVisualization');
INSERT INTO ADM_PERMISSION (ID,NAME,RESSOURCE,PERMISSION) VALUES (2,'Administration management','administration','administrationManagement');
INSERT INTO ADM_PERMISSION (ID,NAME,RESSOURCE,PERMISSION) VALUES (3,'Catalog visualization','catalog','catalogVisualization');
INSERT INTO ADM_PERMISSION (ID,NAME,RESSOURCE,PERMISSION) VALUES (4,'Catalog management','catalog','catalogManagement');
INSERT INTO ADM_PERMISSION (ID,NAME,RESSOURCE,PERMISSION) VALUES (5,'Account visualization','account','accountVisualization');
INSERT INTO ADM_PERMISSION (ID,NAME,RESSOURCE,PERMISSION) VALUES (6,'Account management','account','accountManagement');
INSERT INTO ADM_PERMISSION (ID,NAME,RESSOURCE,PERMISSION) VALUES (7,'Reporting visualization','reporting','reportingVisualization');
INSERT INTO ADM_PERMISSION (ID,NAME,RESSOURCE,PERMISSION) VALUES (8,'Reporting management','reporting','reportingManagement');
INSERT INTO ADM_PERMISSION (ID,NAME,RESSOURCE,PERMISSION) VALUES (9,'Customer summary visualization','customerSummary','customerSummaryVisualization');
INSERT INTO ADM_PERMISSION (ID,NAME,RESSOURCE,PERMISSION) VALUES (10,'Billing visualization','billing','billingVisualization');
INSERT INTO ADM_PERMISSION (ID,NAME,RESSOURCE,PERMISSION) VALUES (11,'Billing management','billing','billingManagement');
INSERT INTO ADM_PERMISSION (ID,NAME,RESSOURCE,PERMISSION) VALUES (12,'SuperAdmin management','superAdmin','superAdminManagement');

/* ADM_ROLE_PERMISSION */
insert into ADM_ROLE_PERMISSION (role_id, permission_id) values (1, 1);
insert into ADM_ROLE_PERMISSION (role_id, permission_id) values (1, 2);
insert into ADM_ROLE_PERMISSION (role_id, permission_id) values (1, 3);
insert into ADM_ROLE_PERMISSION (role_id, permission_id) values (1, 4);
insert into ADM_ROLE_PERMISSION (role_id, permission_id) values (1, 5);
insert into ADM_ROLE_PERMISSION (role_id, permission_id) values (1, 6);
insert into ADM_ROLE_PERMISSION (role_id, permission_id) values (1, 7);
insert into ADM_ROLE_PERMISSION (role_id, permission_id) values (1, 8);
insert into ADM_ROLE_PERMISSION (role_id, permission_id) values (1, 9);
insert into ADM_ROLE_PERMISSION (role_id, permission_id) values (1, 10);
insert into ADM_ROLE_PERMISSION (role_id, permission_id) values (1, 11);
insert into ADM_ROLE_PERMISSION (role_id, permission_id) values (2, 1);
insert into ADM_ROLE_PERMISSION (role_id, permission_id) values (2, 12);

/* CAT_DAY_IN_YEAR */
INSERT INTO CAT_DAY_IN_YEAR(ID, VERSION, MONTH, DAY, CREATOR_ID, CREATED) VALUES (1, 1, 'JANUARY', 1, 1, CURRENT_TIMESTAMP);
INSERT INTO CAT_DAY_IN_YEAR(ID, VERSION, MONTH, DAY, CREATOR_ID, CREATED) VALUES (2, 1, 'JANUARY', 2, 1, CURRENT_TIMESTAMP);
INSERT INTO CAT_DAY_IN_YEAR(ID, VERSION, MONTH, DAY, CREATOR_ID, CREATED) VALUES (3, 1, 'JANUARY', 3, 1, CURRENT_TIMESTAMP);
INSERT INTO CAT_DAY_IN_YEAR(ID, VERSION, MONTH, DAY, CREATOR_ID, CREATED) VALUES (4, 1, 'JANUARY', 4, 1, CURRENT_TIMESTAMP);
INSERT INTO CAT_DAY_IN_YEAR(ID, VERSION, MONTH, DAY, CREATOR_ID, CREATED) VALUES (5, 1, 'JANUARY', 5, 1, CURRENT_TIMESTAMP);
INSERT INTO CAT_DAY_IN_YEAR(ID, VERSION, MONTH, DAY, CREATOR_ID, CREATED) VALUES (6, 1, 'JANUARY', 6, 1, CURRENT_TIMESTAMP);
INSERT INTO CAT_DAY_IN_YEAR(ID, VERSION, MONTH, DAY, CREATOR_ID, CREATED) VALUES (7, 1, 'JANUARY', 7, 1, CURRENT_TIMESTAMP);
INSERT INTO CAT_DAY_IN_YEAR(ID, VERSION, MONTH, DAY, CREATOR_ID, CREATED) VALUES (8, 1, 'JANUARY', 8, 1, CURRENT_TIMESTAMP);
INSERT INTO CAT_DAY_IN_YEAR(ID, VERSION, MONTH, DAY, CREATOR_ID, CREATED) VALUES (9, 1, 'JANUARY', 9, 1, CURRENT_TIMESTAMP);
INSERT INTO CAT_DAY_IN_YEAR(ID, VERSION, MONTH, DAY, CREATOR_ID, CREATED) VALUES (10, 1, 'JANUARY', 10, 1, CURRENT_TIMESTAMP);
INSERT INTO CAT_DAY_IN_YEAR(ID, VERSION, MONTH, DAY, CREATOR_ID, CREATED) VALUES (11, 1, 'JANUARY', 11, 1, CURRENT_TIMESTAMP);
INSERT INTO CAT_DAY_IN_YEAR(ID, VERSION, MONTH, DAY, CREATOR_ID, CREATED) VALUES (12, 1, 'JANUARY', 12, 1, CURRENT_TIMESTAMP);
INSERT INTO CAT_DAY_IN_YEAR(ID, VERSION, MONTH, DAY, CREATOR_ID, CREATED) VALUES (13, 1, 'JANUARY', 13, 1, CURRENT_TIMESTAMP);
INSERT INTO CAT_DAY_IN_YEAR(ID, VERSION, MONTH, DAY, CREATOR_ID, CREATED) VALUES (14, 1, 'JANUARY', 14, 1, CURRENT_TIMESTAMP);
INSERT INTO CAT_DAY_IN_YEAR(ID, VERSION, MONTH, DAY, CREATOR_ID, CREATED) VALUES (15, 1, 'JANUARY', 15, 1, CURRENT_TIMESTAMP);
INSERT INTO CAT_DAY_IN_YEAR(ID, VERSION, MONTH, DAY, CREATOR_ID, CREATED) VALUES (16, 1, 'JANUARY', 16, 1, CURRENT_TIMESTAMP);
INSERT INTO CAT_DAY_IN_YEAR(ID, VERSION, MONTH, DAY, CREATOR_ID, CREATED) VALUES (17, 1, 'JANUARY', 17, 1, CURRENT_TIMESTAMP);
INSERT INTO CAT_DAY_IN_YEAR(ID, VERSION, MONTH, DAY, CREATOR_ID, CREATED) VALUES (18, 1, 'JANUARY', 18, 1, CURRENT_TIMESTAMP);
INSERT INTO CAT_DAY_IN_YEAR(ID, VERSION, MONTH, DAY, CREATOR_ID, CREATED) VALUES (19, 1, 'JANUARY', 19, 1, CURRENT_TIMESTAMP);
INSERT INTO CAT_DAY_IN_YEAR(ID, VERSION, MONTH, DAY, CREATOR_ID, CREATED) VALUES (20, 1, 'JANUARY', 20, 1, CURRENT_TIMESTAMP);
INSERT INTO CAT_DAY_IN_YEAR(ID, VERSION, MONTH, DAY, CREATOR_ID, CREATED) VALUES (21, 1, 'JANUARY', 21, 1, CURRENT_TIMESTAMP);
INSERT INTO CAT_DAY_IN_YEAR(ID, VERSION, MONTH, DAY, CREATOR_ID, CREATED) VALUES (22, 1, 'JANUARY', 22, 1, CURRENT_TIMESTAMP);
INSERT INTO CAT_DAY_IN_YEAR(ID, VERSION, MONTH, DAY, CREATOR_ID, CREATED) VALUES (23, 1, 'JANUARY', 23, 1, CURRENT_TIMESTAMP);
INSERT INTO CAT_DAY_IN_YEAR(ID, VERSION, MONTH, DAY, CREATOR_ID, CREATED) VALUES (24, 1, 'JANUARY', 24, 1, CURRENT_TIMESTAMP);
INSERT INTO CAT_DAY_IN_YEAR(ID, VERSION, MONTH, DAY, CREATOR_ID, CREATED) VALUES (25, 1, 'JANUARY', 25, 1, CURRENT_TIMESTAMP);
INSERT INTO CAT_DAY_IN_YEAR(ID, VERSION, MONTH, DAY, CREATOR_ID, CREATED) VALUES (26, 1, 'JANUARY', 26, 1, CURRENT_TIMESTAMP);
INSERT INTO CAT_DAY_IN_YEAR(ID, VERSION, MONTH, DAY, CREATOR_ID, CREATED) VALUES (27, 1, 'JANUARY', 27, 1, CURRENT_TIMESTAMP);
INSERT INTO CAT_DAY_IN_YEAR(ID, VERSION, MONTH, DAY, CREATOR_ID, CREATED) VALUES (28, 1, 'JANUARY', 28, 1, CURRENT_TIMESTAMP);
INSERT INTO CAT_DAY_IN_YEAR(ID, VERSION, MONTH, DAY, CREATOR_ID, CREATED) VALUES (29, 1, 'JANUARY', 29, 1, CURRENT_TIMESTAMP);
INSERT INTO CAT_DAY_IN_YEAR(ID, VERSION, MONTH, DAY, CREATOR_ID, CREATED) VALUES (30, 1, 'JANUARY', 30, 1, CURRENT_TIMESTAMP);
INSERT INTO CAT_DAY_IN_YEAR(ID, VERSION, MONTH, DAY, CREATOR_ID, CREATED) VALUES (31, 1, 'JANUARY', 31, 1, CURRENT_TIMESTAMP);
INSERT INTO CAT_DAY_IN_YEAR(ID, VERSION, MONTH, DAY, CREATOR_ID, CREATED) VALUES (101, 1, 'FEBRUARY', 1, 1, CURRENT_TIMESTAMP);
INSERT INTO CAT_DAY_IN_YEAR(ID, VERSION, MONTH, DAY, CREATOR_ID, CREATED) VALUES (102, 1, 'FEBRUARY', 2, 1, CURRENT_TIMESTAMP);
INSERT INTO CAT_DAY_IN_YEAR(ID, VERSION, MONTH, DAY, CREATOR_ID, CREATED) VALUES (103, 1, 'FEBRUARY', 3, 1, CURRENT_TIMESTAMP);
INSERT INTO CAT_DAY_IN_YEAR(ID, VERSION, MONTH, DAY, CREATOR_ID, CREATED) VALUES (104, 1, 'FEBRUARY', 4, 1, CURRENT_TIMESTAMP);
INSERT INTO CAT_DAY_IN_YEAR(ID, VERSION, MONTH, DAY, CREATOR_ID, CREATED) VALUES (105, 1, 'FEBRUARY', 5, 1, CURRENT_TIMESTAMP);
INSERT INTO CAT_DAY_IN_YEAR(ID, VERSION, MONTH, DAY, CREATOR_ID, CREATED) VALUES (106, 1, 'FEBRUARY', 6, 1, CURRENT_TIMESTAMP);
INSERT INTO CAT_DAY_IN_YEAR(ID, VERSION, MONTH, DAY, CREATOR_ID, CREATED) VALUES (107, 1, 'FEBRUARY', 7, 1, CURRENT_TIMESTAMP);
INSERT INTO CAT_DAY_IN_YEAR(ID, VERSION, MONTH, DAY, CREATOR_ID, CREATED) VALUES (108, 1, 'FEBRUARY', 8, 1, CURRENT_TIMESTAMP);
INSERT INTO CAT_DAY_IN_YEAR(ID, VERSION, MONTH, DAY, CREATOR_ID, CREATED) VALUES (109, 1, 'FEBRUARY', 9, 1, CURRENT_TIMESTAMP);
INSERT INTO CAT_DAY_IN_YEAR(ID, VERSION, MONTH, DAY, CREATOR_ID, CREATED) VALUES (110, 1, 'FEBRUARY', 10, 1, CURRENT_TIMESTAMP);
INSERT INTO CAT_DAY_IN_YEAR(ID, VERSION, MONTH, DAY, CREATOR_ID, CREATED) VALUES (111, 1, 'FEBRUARY', 11, 1, CURRENT_TIMESTAMP);
INSERT INTO CAT_DAY_IN_YEAR(ID, VERSION, MONTH, DAY, CREATOR_ID, CREATED) VALUES (112, 1, 'FEBRUARY', 12, 1, CURRENT_TIMESTAMP);
INSERT INTO CAT_DAY_IN_YEAR(ID, VERSION, MONTH, DAY, CREATOR_ID, CREATED) VALUES (113, 1, 'FEBRUARY', 13, 1, CURRENT_TIMESTAMP);
INSERT INTO CAT_DAY_IN_YEAR(ID, VERSION, MONTH, DAY, CREATOR_ID, CREATED) VALUES (114, 1, 'FEBRUARY', 14, 1, CURRENT_TIMESTAMP);
INSERT INTO CAT_DAY_IN_YEAR(ID, VERSION, MONTH, DAY, CREATOR_ID, CREATED) VALUES (115, 1, 'FEBRUARY', 15, 1, CURRENT_TIMESTAMP);
INSERT INTO CAT_DAY_IN_YEAR(ID, VERSION, MONTH, DAY, CREATOR_ID, CREATED) VALUES (116, 1, 'FEBRUARY', 16, 1, CURRENT_TIMESTAMP);
INSERT INTO CAT_DAY_IN_YEAR(ID, VERSION, MONTH, DAY, CREATOR_ID, CREATED) VALUES (117, 1, 'FEBRUARY', 17, 1, CURRENT_TIMESTAMP);
INSERT INTO CAT_DAY_IN_YEAR(ID, VERSION, MONTH, DAY, CREATOR_ID, CREATED) VALUES (118, 1, 'FEBRUARY', 18, 1, CURRENT_TIMESTAMP);
INSERT INTO CAT_DAY_IN_YEAR(ID, VERSION, MONTH, DAY, CREATOR_ID, CREATED) VALUES (119, 1, 'FEBRUARY', 19, 1, CURRENT_TIMESTAMP);
INSERT INTO CAT_DAY_IN_YEAR(ID, VERSION, MONTH, DAY, CREATOR_ID, CREATED) VALUES (120, 1, 'FEBRUARY', 20, 1, CURRENT_TIMESTAMP);
INSERT INTO CAT_DAY_IN_YEAR(ID, VERSION, MONTH, DAY, CREATOR_ID, CREATED) VALUES (121, 1, 'FEBRUARY', 21, 1, CURRENT_TIMESTAMP);
INSERT INTO CAT_DAY_IN_YEAR(ID, VERSION, MONTH, DAY, CREATOR_ID, CREATED) VALUES (122, 1, 'FEBRUARY', 22, 1, CURRENT_TIMESTAMP);
INSERT INTO CAT_DAY_IN_YEAR(ID, VERSION, MONTH, DAY, CREATOR_ID, CREATED) VALUES (123, 1, 'FEBRUARY', 23, 1, CURRENT_TIMESTAMP);
INSERT INTO CAT_DAY_IN_YEAR(ID, VERSION, MONTH, DAY, CREATOR_ID, CREATED) VALUES (124, 1, 'FEBRUARY', 24, 1, CURRENT_TIMESTAMP);
INSERT INTO CAT_DAY_IN_YEAR(ID, VERSION, MONTH, DAY, CREATOR_ID, CREATED) VALUES (125, 1, 'FEBRUARY', 25, 1, CURRENT_TIMESTAMP);
INSERT INTO CAT_DAY_IN_YEAR(ID, VERSION, MONTH, DAY, CREATOR_ID, CREATED) VALUES (126, 1, 'FEBRUARY', 26, 1, CURRENT_TIMESTAMP);
INSERT INTO CAT_DAY_IN_YEAR(ID, VERSION, MONTH, DAY, CREATOR_ID, CREATED) VALUES (127, 1, 'FEBRUARY', 27, 1, CURRENT_TIMESTAMP);
INSERT INTO CAT_DAY_IN_YEAR(ID, VERSION, MONTH, DAY, CREATOR_ID, CREATED) VALUES (128, 1, 'FEBRUARY', 28, 1, CURRENT_TIMESTAMP);
INSERT INTO CAT_DAY_IN_YEAR(ID, VERSION, MONTH, DAY, CREATOR_ID, CREATED) VALUES (129, 1, 'FEBRUARY', 29, 1, CURRENT_TIMESTAMP);
INSERT INTO CAT_DAY_IN_YEAR(ID, VERSION, MONTH, DAY, CREATOR_ID, CREATED) VALUES (201, 1, 'MARCH', 1, 1, CURRENT_TIMESTAMP);
INSERT INTO CAT_DAY_IN_YEAR(ID, VERSION, MONTH, DAY, CREATOR_ID, CREATED) VALUES (202, 1, 'MARCH', 2, 1, CURRENT_TIMESTAMP);
INSERT INTO CAT_DAY_IN_YEAR(ID, VERSION, MONTH, DAY, CREATOR_ID, CREATED) VALUES (203, 1, 'MARCH', 3, 1, CURRENT_TIMESTAMP);
INSERT INTO CAT_DAY_IN_YEAR(ID, VERSION, MONTH, DAY, CREATOR_ID, CREATED) VALUES (204, 1, 'MARCH', 4, 1, CURRENT_TIMESTAMP);
INSERT INTO CAT_DAY_IN_YEAR(ID, VERSION, MONTH, DAY, CREATOR_ID, CREATED) VALUES (205, 1, 'MARCH', 5, 1, CURRENT_TIMESTAMP);
INSERT INTO CAT_DAY_IN_YEAR(ID, VERSION, MONTH, DAY, CREATOR_ID, CREATED) VALUES (206, 1, 'MARCH', 6, 1, CURRENT_TIMESTAMP);
INSERT INTO CAT_DAY_IN_YEAR(ID, VERSION, MONTH, DAY, CREATOR_ID, CREATED) VALUES (207, 1, 'MARCH', 7, 1, CURRENT_TIMESTAMP);
INSERT INTO CAT_DAY_IN_YEAR(ID, VERSION, MONTH, DAY, CREATOR_ID, CREATED) VALUES (208, 1, 'MARCH', 8, 1, CURRENT_TIMESTAMP);
INSERT INTO CAT_DAY_IN_YEAR(ID, VERSION, MONTH, DAY, CREATOR_ID, CREATED) VALUES (209, 1, 'MARCH', 9, 1, CURRENT_TIMESTAMP);
INSERT INTO CAT_DAY_IN_YEAR(ID, VERSION, MONTH, DAY, CREATOR_ID, CREATED) VALUES (210, 1, 'MARCH', 10, 1, CURRENT_TIMESTAMP);
INSERT INTO CAT_DAY_IN_YEAR(ID, VERSION, MONTH, DAY, CREATOR_ID, CREATED) VALUES (211, 1, 'MARCH', 11, 1, CURRENT_TIMESTAMP);
INSERT INTO CAT_DAY_IN_YEAR(ID, VERSION, MONTH, DAY, CREATOR_ID, CREATED) VALUES (212, 1, 'MARCH', 12, 1, CURRENT_TIMESTAMP);
INSERT INTO CAT_DAY_IN_YEAR(ID, VERSION, MONTH, DAY, CREATOR_ID, CREATED) VALUES (213, 1, 'MARCH', 13, 1, CURRENT_TIMESTAMP);
INSERT INTO CAT_DAY_IN_YEAR(ID, VERSION, MONTH, DAY, CREATOR_ID, CREATED) VALUES (214, 1, 'MARCH', 14, 1, CURRENT_TIMESTAMP);
INSERT INTO CAT_DAY_IN_YEAR(ID, VERSION, MONTH, DAY, CREATOR_ID, CREATED) VALUES (215, 1, 'MARCH', 15, 1, CURRENT_TIMESTAMP);
INSERT INTO CAT_DAY_IN_YEAR(ID, VERSION, MONTH, DAY, CREATOR_ID, CREATED) VALUES (216, 1, 'MARCH', 16, 1, CURRENT_TIMESTAMP);
INSERT INTO CAT_DAY_IN_YEAR(ID, VERSION, MONTH, DAY, CREATOR_ID, CREATED) VALUES (217, 1, 'MARCH', 17, 1, CURRENT_TIMESTAMP);
INSERT INTO CAT_DAY_IN_YEAR(ID, VERSION, MONTH, DAY, CREATOR_ID, CREATED) VALUES (218, 1, 'MARCH', 18, 1, CURRENT_TIMESTAMP);
INSERT INTO CAT_DAY_IN_YEAR(ID, VERSION, MONTH, DAY, CREATOR_ID, CREATED) VALUES (219, 1, 'MARCH', 19, 1, CURRENT_TIMESTAMP);
INSERT INTO CAT_DAY_IN_YEAR(ID, VERSION, MONTH, DAY, CREATOR_ID, CREATED) VALUES (220, 1, 'MARCH', 20, 1, CURRENT_TIMESTAMP);
INSERT INTO CAT_DAY_IN_YEAR(ID, VERSION, MONTH, DAY, CREATOR_ID, CREATED) VALUES (221, 1, 'MARCH', 21, 1, CURRENT_TIMESTAMP);
INSERT INTO CAT_DAY_IN_YEAR(ID, VERSION, MONTH, DAY, CREATOR_ID, CREATED) VALUES (222, 1, 'MARCH', 22, 1, CURRENT_TIMESTAMP);
INSERT INTO CAT_DAY_IN_YEAR(ID, VERSION, MONTH, DAY, CREATOR_ID, CREATED) VALUES (223, 1, 'MARCH', 23, 1, CURRENT_TIMESTAMP);
INSERT INTO CAT_DAY_IN_YEAR(ID, VERSION, MONTH, DAY, CREATOR_ID, CREATED) VALUES (224, 1, 'MARCH', 24, 1, CURRENT_TIMESTAMP);
INSERT INTO CAT_DAY_IN_YEAR(ID, VERSION, MONTH, DAY, CREATOR_ID, CREATED) VALUES (225, 1, 'MARCH', 25, 1, CURRENT_TIMESTAMP);
INSERT INTO CAT_DAY_IN_YEAR(ID, VERSION, MONTH, DAY, CREATOR_ID, CREATED) VALUES (226, 1, 'MARCH', 26, 1, CURRENT_TIMESTAMP);
INSERT INTO CAT_DAY_IN_YEAR(ID, VERSION, MONTH, DAY, CREATOR_ID, CREATED) VALUES (227, 1, 'MARCH', 27, 1, CURRENT_TIMESTAMP);
INSERT INTO CAT_DAY_IN_YEAR(ID, VERSION, MONTH, DAY, CREATOR_ID, CREATED) VALUES (228, 1, 'MARCH', 28, 1, CURRENT_TIMESTAMP);
INSERT INTO CAT_DAY_IN_YEAR(ID, VERSION, MONTH, DAY, CREATOR_ID, CREATED) VALUES (229, 1, 'MARCH', 29, 1, CURRENT_TIMESTAMP);
INSERT INTO CAT_DAY_IN_YEAR(ID, VERSION, MONTH, DAY, CREATOR_ID, CREATED) VALUES (230, 1, 'MARCH', 30, 1, CURRENT_TIMESTAMP);
INSERT INTO CAT_DAY_IN_YEAR(ID, VERSION, MONTH, DAY, CREATOR_ID, CREATED) VALUES (231, 1, 'MARCH', 31, 1, CURRENT_TIMESTAMP);
INSERT INTO CAT_DAY_IN_YEAR(ID, VERSION, MONTH, DAY, CREATOR_ID, CREATED) VALUES (301, 1, 'APRIL', 1, 1, CURRENT_TIMESTAMP);
INSERT INTO CAT_DAY_IN_YEAR(ID, VERSION, MONTH, DAY, CREATOR_ID, CREATED) VALUES (302, 1, 'APRIL', 2, 1, CURRENT_TIMESTAMP);
INSERT INTO CAT_DAY_IN_YEAR(ID, VERSION, MONTH, DAY, CREATOR_ID, CREATED) VALUES (303, 1, 'APRIL', 3, 1, CURRENT_TIMESTAMP);
INSERT INTO CAT_DAY_IN_YEAR(ID, VERSION, MONTH, DAY, CREATOR_ID, CREATED) VALUES (304, 1, 'APRIL', 4, 1, CURRENT_TIMESTAMP);
INSERT INTO CAT_DAY_IN_YEAR(ID, VERSION, MONTH, DAY, CREATOR_ID, CREATED) VALUES (305, 1, 'APRIL', 5, 1, CURRENT_TIMESTAMP);
INSERT INTO CAT_DAY_IN_YEAR(ID, VERSION, MONTH, DAY, CREATOR_ID, CREATED) VALUES (306, 1, 'APRIL', 6, 1, CURRENT_TIMESTAMP);
INSERT INTO CAT_DAY_IN_YEAR(ID, VERSION, MONTH, DAY, CREATOR_ID, CREATED) VALUES (307, 1, 'APRIL', 7, 1, CURRENT_TIMESTAMP);
INSERT INTO CAT_DAY_IN_YEAR(ID, VERSION, MONTH, DAY, CREATOR_ID, CREATED) VALUES (308, 1, 'APRIL', 8, 1, CURRENT_TIMESTAMP);
INSERT INTO CAT_DAY_IN_YEAR(ID, VERSION, MONTH, DAY, CREATOR_ID, CREATED) VALUES (309, 1, 'APRIL', 9, 1, CURRENT_TIMESTAMP);
INSERT INTO CAT_DAY_IN_YEAR(ID, VERSION, MONTH, DAY, CREATOR_ID, CREATED) VALUES (310, 1, 'APRIL', 10, 1, CURRENT_TIMESTAMP);
INSERT INTO CAT_DAY_IN_YEAR(ID, VERSION, MONTH, DAY, CREATOR_ID, CREATED) VALUES (311, 1, 'APRIL', 11, 1, CURRENT_TIMESTAMP);
INSERT INTO CAT_DAY_IN_YEAR(ID, VERSION, MONTH, DAY, CREATOR_ID, CREATED) VALUES (312, 1, 'APRIL', 12, 1, CURRENT_TIMESTAMP);
INSERT INTO CAT_DAY_IN_YEAR(ID, VERSION, MONTH, DAY, CREATOR_ID, CREATED) VALUES (313, 1, 'APRIL', 13, 1, CURRENT_TIMESTAMP);
INSERT INTO CAT_DAY_IN_YEAR(ID, VERSION, MONTH, DAY, CREATOR_ID, CREATED) VALUES (314, 1, 'APRIL', 14, 1, CURRENT_TIMESTAMP);
INSERT INTO CAT_DAY_IN_YEAR(ID, VERSION, MONTH, DAY, CREATOR_ID, CREATED) VALUES (315, 1, 'APRIL', 15, 1, CURRENT_TIMESTAMP);
INSERT INTO CAT_DAY_IN_YEAR(ID, VERSION, MONTH, DAY, CREATOR_ID, CREATED) VALUES (316, 1, 'APRIL', 16, 1, CURRENT_TIMESTAMP);
INSERT INTO CAT_DAY_IN_YEAR(ID, VERSION, MONTH, DAY, CREATOR_ID, CREATED) VALUES (317, 1, 'APRIL', 17, 1, CURRENT_TIMESTAMP);
INSERT INTO CAT_DAY_IN_YEAR(ID, VERSION, MONTH, DAY, CREATOR_ID, CREATED) VALUES (318, 1, 'APRIL', 18, 1, CURRENT_TIMESTAMP);
INSERT INTO CAT_DAY_IN_YEAR(ID, VERSION, MONTH, DAY, CREATOR_ID, CREATED) VALUES (319, 1, 'APRIL', 19, 1, CURRENT_TIMESTAMP);
INSERT INTO CAT_DAY_IN_YEAR(ID, VERSION, MONTH, DAY, CREATOR_ID, CREATED) VALUES (320, 1, 'APRIL', 20, 1, CURRENT_TIMESTAMP);
INSERT INTO CAT_DAY_IN_YEAR(ID, VERSION, MONTH, DAY, CREATOR_ID, CREATED) VALUES (321, 1, 'APRIL', 21, 1, CURRENT_TIMESTAMP);
INSERT INTO CAT_DAY_IN_YEAR(ID, VERSION, MONTH, DAY, CREATOR_ID, CREATED) VALUES (322, 1, 'APRIL', 22, 1, CURRENT_TIMESTAMP);
INSERT INTO CAT_DAY_IN_YEAR(ID, VERSION, MONTH, DAY, CREATOR_ID, CREATED) VALUES (323, 1, 'APRIL', 23, 1, CURRENT_TIMESTAMP);
INSERT INTO CAT_DAY_IN_YEAR(ID, VERSION, MONTH, DAY, CREATOR_ID, CREATED) VALUES (324, 1, 'APRIL', 24, 1, CURRENT_TIMESTAMP);
INSERT INTO CAT_DAY_IN_YEAR(ID, VERSION, MONTH, DAY, CREATOR_ID, CREATED) VALUES (325, 1, 'APRIL', 25, 1, CURRENT_TIMESTAMP);
INSERT INTO CAT_DAY_IN_YEAR(ID, VERSION, MONTH, DAY, CREATOR_ID, CREATED) VALUES (326, 1, 'APRIL', 26, 1, CURRENT_TIMESTAMP);
INSERT INTO CAT_DAY_IN_YEAR(ID, VERSION, MONTH, DAY, CREATOR_ID, CREATED) VALUES (327, 1, 'APRIL', 27, 1, CURRENT_TIMESTAMP);
INSERT INTO CAT_DAY_IN_YEAR(ID, VERSION, MONTH, DAY, CREATOR_ID, CREATED) VALUES (328, 1, 'APRIL', 28, 1, CURRENT_TIMESTAMP);
INSERT INTO CAT_DAY_IN_YEAR(ID, VERSION, MONTH, DAY, CREATOR_ID, CREATED) VALUES (329, 1, 'APRIL', 29, 1, CURRENT_TIMESTAMP);
INSERT INTO CAT_DAY_IN_YEAR(ID, VERSION, MONTH, DAY, CREATOR_ID, CREATED) VALUES (330, 1, 'APRIL', 30, 1, CURRENT_TIMESTAMP);
INSERT INTO CAT_DAY_IN_YEAR(ID, VERSION, MONTH, DAY, CREATOR_ID, CREATED) VALUES (401, 1, 'MAY', 1, 1, CURRENT_TIMESTAMP);
INSERT INTO CAT_DAY_IN_YEAR(ID, VERSION, MONTH, DAY, CREATOR_ID, CREATED) VALUES (402, 1, 'MAY', 2, 1, CURRENT_TIMESTAMP);
INSERT INTO CAT_DAY_IN_YEAR(ID, VERSION, MONTH, DAY, CREATOR_ID, CREATED) VALUES (403, 1, 'MAY', 3, 1, CURRENT_TIMESTAMP);
INSERT INTO CAT_DAY_IN_YEAR(ID, VERSION, MONTH, DAY, CREATOR_ID, CREATED) VALUES (404, 1, 'MAY', 4, 1, CURRENT_TIMESTAMP);
INSERT INTO CAT_DAY_IN_YEAR(ID, VERSION, MONTH, DAY, CREATOR_ID, CREATED) VALUES (405, 1, 'MAY', 5, 1, CURRENT_TIMESTAMP);
INSERT INTO CAT_DAY_IN_YEAR(ID, VERSION, MONTH, DAY, CREATOR_ID, CREATED) VALUES (406, 1, 'MAY', 6, 1, CURRENT_TIMESTAMP);
INSERT INTO CAT_DAY_IN_YEAR(ID, VERSION, MONTH, DAY, CREATOR_ID, CREATED) VALUES (407, 1, 'MAY', 7, 1, CURRENT_TIMESTAMP);
INSERT INTO CAT_DAY_IN_YEAR(ID, VERSION, MONTH, DAY, CREATOR_ID, CREATED) VALUES (408, 1, 'MAY', 8, 1, CURRENT_TIMESTAMP);
INSERT INTO CAT_DAY_IN_YEAR(ID, VERSION, MONTH, DAY, CREATOR_ID, CREATED) VALUES (409, 1, 'MAY', 9, 1, CURRENT_TIMESTAMP);
INSERT INTO CAT_DAY_IN_YEAR(ID, VERSION, MONTH, DAY, CREATOR_ID, CREATED) VALUES (410, 1, 'MAY', 10, 1, CURRENT_TIMESTAMP);
INSERT INTO CAT_DAY_IN_YEAR(ID, VERSION, MONTH, DAY, CREATOR_ID, CREATED) VALUES (411, 1, 'MAY', 11, 1, CURRENT_TIMESTAMP);
INSERT INTO CAT_DAY_IN_YEAR(ID, VERSION, MONTH, DAY, CREATOR_ID, CREATED) VALUES (412, 1, 'MAY', 12, 1, CURRENT_TIMESTAMP);
INSERT INTO CAT_DAY_IN_YEAR(ID, VERSION, MONTH, DAY, CREATOR_ID, CREATED) VALUES (413, 1, 'MAY', 13, 1, CURRENT_TIMESTAMP);
INSERT INTO CAT_DAY_IN_YEAR(ID, VERSION, MONTH, DAY, CREATOR_ID, CREATED) VALUES (414, 1, 'MAY', 14, 1, CURRENT_TIMESTAMP);
INSERT INTO CAT_DAY_IN_YEAR(ID, VERSION, MONTH, DAY, CREATOR_ID, CREATED) VALUES (415, 1, 'MAY', 15, 1, CURRENT_TIMESTAMP);
INSERT INTO CAT_DAY_IN_YEAR(ID, VERSION, MONTH, DAY, CREATOR_ID, CREATED) VALUES (416, 1, 'MAY', 16, 1, CURRENT_TIMESTAMP);
INSERT INTO CAT_DAY_IN_YEAR(ID, VERSION, MONTH, DAY, CREATOR_ID, CREATED) VALUES (417, 1, 'MAY', 17, 1, CURRENT_TIMESTAMP);
INSERT INTO CAT_DAY_IN_YEAR(ID, VERSION, MONTH, DAY, CREATOR_ID, CREATED) VALUES (418, 1, 'MAY', 18, 1, CURRENT_TIMESTAMP);
INSERT INTO CAT_DAY_IN_YEAR(ID, VERSION, MONTH, DAY, CREATOR_ID, CREATED) VALUES (419, 1, 'MAY', 19, 1, CURRENT_TIMESTAMP);
INSERT INTO CAT_DAY_IN_YEAR(ID, VERSION, MONTH, DAY, CREATOR_ID, CREATED) VALUES (420, 1, 'MAY', 20, 1, CURRENT_TIMESTAMP);
INSERT INTO CAT_DAY_IN_YEAR(ID, VERSION, MONTH, DAY, CREATOR_ID, CREATED) VALUES (421, 1, 'MAY', 21, 1, CURRENT_TIMESTAMP);
INSERT INTO CAT_DAY_IN_YEAR(ID, VERSION, MONTH, DAY, CREATOR_ID, CREATED) VALUES (422, 1, 'MAY', 22, 1, CURRENT_TIMESTAMP);
INSERT INTO CAT_DAY_IN_YEAR(ID, VERSION, MONTH, DAY, CREATOR_ID, CREATED) VALUES (423, 1, 'MAY', 23, 1, CURRENT_TIMESTAMP);
INSERT INTO CAT_DAY_IN_YEAR(ID, VERSION, MONTH, DAY, CREATOR_ID, CREATED) VALUES (424, 1, 'MAY', 24, 1, CURRENT_TIMESTAMP);
INSERT INTO CAT_DAY_IN_YEAR(ID, VERSION, MONTH, DAY, CREATOR_ID, CREATED) VALUES (425, 1, 'MAY', 25, 1, CURRENT_TIMESTAMP);
INSERT INTO CAT_DAY_IN_YEAR(ID, VERSION, MONTH, DAY, CREATOR_ID, CREATED) VALUES (426, 1, 'MAY', 26, 1, CURRENT_TIMESTAMP);
INSERT INTO CAT_DAY_IN_YEAR(ID, VERSION, MONTH, DAY, CREATOR_ID, CREATED) VALUES (427, 1, 'MAY', 27, 1, CURRENT_TIMESTAMP);
INSERT INTO CAT_DAY_IN_YEAR(ID, VERSION, MONTH, DAY, CREATOR_ID, CREATED) VALUES (428, 1, 'MAY', 28, 1, CURRENT_TIMESTAMP);
INSERT INTO CAT_DAY_IN_YEAR(ID, VERSION, MONTH, DAY, CREATOR_ID, CREATED) VALUES (429, 1, 'MAY', 29, 1, CURRENT_TIMESTAMP);
INSERT INTO CAT_DAY_IN_YEAR(ID, VERSION, MONTH, DAY, CREATOR_ID, CREATED) VALUES (430, 1, 'MAY', 30, 1, CURRENT_TIMESTAMP);
INSERT INTO CAT_DAY_IN_YEAR(ID, VERSION, MONTH, DAY, CREATOR_ID, CREATED) VALUES (431, 1, 'MAY', 31, 1, CURRENT_TIMESTAMP);
INSERT INTO CAT_DAY_IN_YEAR(ID, VERSION, MONTH, DAY, CREATOR_ID, CREATED) VALUES (501, 1, 'JUNE', 1, 1, CURRENT_TIMESTAMP);
INSERT INTO CAT_DAY_IN_YEAR(ID, VERSION, MONTH, DAY, CREATOR_ID, CREATED) VALUES (502, 1, 'JUNE', 2, 1, CURRENT_TIMESTAMP);
INSERT INTO CAT_DAY_IN_YEAR(ID, VERSION, MONTH, DAY, CREATOR_ID, CREATED) VALUES (503, 1, 'JUNE', 3, 1, CURRENT_TIMESTAMP);
INSERT INTO CAT_DAY_IN_YEAR(ID, VERSION, MONTH, DAY, CREATOR_ID, CREATED) VALUES (504, 1, 'JUNE', 4, 1, CURRENT_TIMESTAMP);
INSERT INTO CAT_DAY_IN_YEAR(ID, VERSION, MONTH, DAY, CREATOR_ID, CREATED) VALUES (505, 1, 'JUNE', 5, 1, CURRENT_TIMESTAMP);
INSERT INTO CAT_DAY_IN_YEAR(ID, VERSION, MONTH, DAY, CREATOR_ID, CREATED) VALUES (506, 1, 'JUNE', 6, 1, CURRENT_TIMESTAMP);
INSERT INTO CAT_DAY_IN_YEAR(ID, VERSION, MONTH, DAY, CREATOR_ID, CREATED) VALUES (507, 1, 'JUNE', 7, 1, CURRENT_TIMESTAMP);
INSERT INTO CAT_DAY_IN_YEAR(ID, VERSION, MONTH, DAY, CREATOR_ID, CREATED) VALUES (508, 1, 'JUNE', 8, 1, CURRENT_TIMESTAMP);
INSERT INTO CAT_DAY_IN_YEAR(ID, VERSION, MONTH, DAY, CREATOR_ID, CREATED) VALUES (509, 1, 'JUNE', 9, 1, CURRENT_TIMESTAMP);
INSERT INTO CAT_DAY_IN_YEAR(ID, VERSION, MONTH, DAY, CREATOR_ID, CREATED) VALUES (510, 1, 'JUNE', 10, 1, CURRENT_TIMESTAMP);
INSERT INTO CAT_DAY_IN_YEAR(ID, VERSION, MONTH, DAY, CREATOR_ID, CREATED) VALUES (511, 1, 'JUNE', 11, 1, CURRENT_TIMESTAMP);
INSERT INTO CAT_DAY_IN_YEAR(ID, VERSION, MONTH, DAY, CREATOR_ID, CREATED) VALUES (512, 1, 'JUNE', 12, 1, CURRENT_TIMESTAMP);
INSERT INTO CAT_DAY_IN_YEAR(ID, VERSION, MONTH, DAY, CREATOR_ID, CREATED) VALUES (513, 1, 'JUNE', 13, 1, CURRENT_TIMESTAMP);
INSERT INTO CAT_DAY_IN_YEAR(ID, VERSION, MONTH, DAY, CREATOR_ID, CREATED) VALUES (514, 1, 'JUNE', 14, 1, CURRENT_TIMESTAMP);
INSERT INTO CAT_DAY_IN_YEAR(ID, VERSION, MONTH, DAY, CREATOR_ID, CREATED) VALUES (515, 1, 'JUNE', 15, 1, CURRENT_TIMESTAMP);
INSERT INTO CAT_DAY_IN_YEAR(ID, VERSION, MONTH, DAY, CREATOR_ID, CREATED) VALUES (516, 1, 'JUNE', 16, 1, CURRENT_TIMESTAMP);
INSERT INTO CAT_DAY_IN_YEAR(ID, VERSION, MONTH, DAY, CREATOR_ID, CREATED) VALUES (517, 1, 'JUNE', 17, 1, CURRENT_TIMESTAMP);
INSERT INTO CAT_DAY_IN_YEAR(ID, VERSION, MONTH, DAY, CREATOR_ID, CREATED) VALUES (518, 1, 'JUNE', 18, 1, CURRENT_TIMESTAMP);
INSERT INTO CAT_DAY_IN_YEAR(ID, VERSION, MONTH, DAY, CREATOR_ID, CREATED) VALUES (519, 1, 'JUNE', 19, 1, CURRENT_TIMESTAMP);
INSERT INTO CAT_DAY_IN_YEAR(ID, VERSION, MONTH, DAY, CREATOR_ID, CREATED) VALUES (520, 1, 'JUNE', 20, 1, CURRENT_TIMESTAMP);
INSERT INTO CAT_DAY_IN_YEAR(ID, VERSION, MONTH, DAY, CREATOR_ID, CREATED) VALUES (521, 1, 'JUNE', 21, 1, CURRENT_TIMESTAMP);
INSERT INTO CAT_DAY_IN_YEAR(ID, VERSION, MONTH, DAY, CREATOR_ID, CREATED) VALUES (522, 1, 'JUNE', 22, 1, CURRENT_TIMESTAMP);
INSERT INTO CAT_DAY_IN_YEAR(ID, VERSION, MONTH, DAY, CREATOR_ID, CREATED) VALUES (523, 1, 'JUNE', 23, 1, CURRENT_TIMESTAMP);
INSERT INTO CAT_DAY_IN_YEAR(ID, VERSION, MONTH, DAY, CREATOR_ID, CREATED) VALUES (524, 1, 'JUNE', 24, 1, CURRENT_TIMESTAMP);
INSERT INTO CAT_DAY_IN_YEAR(ID, VERSION, MONTH, DAY, CREATOR_ID, CREATED) VALUES (525, 1, 'JUNE', 25, 1, CURRENT_TIMESTAMP);
INSERT INTO CAT_DAY_IN_YEAR(ID, VERSION, MONTH, DAY, CREATOR_ID, CREATED) VALUES (526, 1, 'JUNE', 26, 1, CURRENT_TIMESTAMP);
INSERT INTO CAT_DAY_IN_YEAR(ID, VERSION, MONTH, DAY, CREATOR_ID, CREATED) VALUES (527, 1, 'JUNE', 27, 1, CURRENT_TIMESTAMP);
INSERT INTO CAT_DAY_IN_YEAR(ID, VERSION, MONTH, DAY, CREATOR_ID, CREATED) VALUES (528, 1, 'JUNE', 28, 1, CURRENT_TIMESTAMP);
INSERT INTO CAT_DAY_IN_YEAR(ID, VERSION, MONTH, DAY, CREATOR_ID, CREATED) VALUES (529, 1, 'JUNE', 29, 1, CURRENT_TIMESTAMP);
INSERT INTO CAT_DAY_IN_YEAR(ID, VERSION, MONTH, DAY, CREATOR_ID, CREATED) VALUES (530, 1, 'JUNE', 30, 1, CURRENT_TIMESTAMP);
INSERT INTO CAT_DAY_IN_YEAR(ID, VERSION, MONTH, DAY, CREATOR_ID, CREATED) VALUES (601, 1, 'JULY', 1, 1, CURRENT_TIMESTAMP);
INSERT INTO CAT_DAY_IN_YEAR(ID, VERSION, MONTH, DAY, CREATOR_ID, CREATED) VALUES (602, 1, 'JULY', 2, 1, CURRENT_TIMESTAMP);
INSERT INTO CAT_DAY_IN_YEAR(ID, VERSION, MONTH, DAY, CREATOR_ID, CREATED) VALUES (603, 1, 'JULY', 3, 1, CURRENT_TIMESTAMP);
INSERT INTO CAT_DAY_IN_YEAR(ID, VERSION, MONTH, DAY, CREATOR_ID, CREATED) VALUES (604, 1, 'JULY', 4, 1, CURRENT_TIMESTAMP);
INSERT INTO CAT_DAY_IN_YEAR(ID, VERSION, MONTH, DAY, CREATOR_ID, CREATED) VALUES (605, 1, 'JULY', 5, 1, CURRENT_TIMESTAMP);
INSERT INTO CAT_DAY_IN_YEAR(ID, VERSION, MONTH, DAY, CREATOR_ID, CREATED) VALUES (606, 1, 'JULY', 6, 1, CURRENT_TIMESTAMP);
INSERT INTO CAT_DAY_IN_YEAR(ID, VERSION, MONTH, DAY, CREATOR_ID, CREATED) VALUES (607, 1, 'JULY', 7, 1, CURRENT_TIMESTAMP);
INSERT INTO CAT_DAY_IN_YEAR(ID, VERSION, MONTH, DAY, CREATOR_ID, CREATED) VALUES (608, 1, 'JULY', 8, 1, CURRENT_TIMESTAMP);
INSERT INTO CAT_DAY_IN_YEAR(ID, VERSION, MONTH, DAY, CREATOR_ID, CREATED) VALUES (609, 1, 'JULY', 9, 1, CURRENT_TIMESTAMP);
INSERT INTO CAT_DAY_IN_YEAR(ID, VERSION, MONTH, DAY, CREATOR_ID, CREATED) VALUES (610, 1, 'JULY', 10, 1, CURRENT_TIMESTAMP);
INSERT INTO CAT_DAY_IN_YEAR(ID, VERSION, MONTH, DAY, CREATOR_ID, CREATED) VALUES (611, 1, 'JULY', 11, 1, CURRENT_TIMESTAMP);
INSERT INTO CAT_DAY_IN_YEAR(ID, VERSION, MONTH, DAY, CREATOR_ID, CREATED) VALUES (612, 1, 'JULY', 12, 1, CURRENT_TIMESTAMP);
INSERT INTO CAT_DAY_IN_YEAR(ID, VERSION, MONTH, DAY, CREATOR_ID, CREATED) VALUES (613, 1, 'JULY', 13, 1, CURRENT_TIMESTAMP);
INSERT INTO CAT_DAY_IN_YEAR(ID, VERSION, MONTH, DAY, CREATOR_ID, CREATED) VALUES (614, 1, 'JULY', 14, 1, CURRENT_TIMESTAMP);
INSERT INTO CAT_DAY_IN_YEAR(ID, VERSION, MONTH, DAY, CREATOR_ID, CREATED) VALUES (615, 1, 'JULY', 15, 1, CURRENT_TIMESTAMP);
INSERT INTO CAT_DAY_IN_YEAR(ID, VERSION, MONTH, DAY, CREATOR_ID, CREATED) VALUES (616, 1, 'JULY', 16, 1, CURRENT_TIMESTAMP);
INSERT INTO CAT_DAY_IN_YEAR(ID, VERSION, MONTH, DAY, CREATOR_ID, CREATED) VALUES (617, 1, 'JULY', 17, 1, CURRENT_TIMESTAMP);
INSERT INTO CAT_DAY_IN_YEAR(ID, VERSION, MONTH, DAY, CREATOR_ID, CREATED) VALUES (618, 1, 'JULY', 18, 1, CURRENT_TIMESTAMP);
INSERT INTO CAT_DAY_IN_YEAR(ID, VERSION, MONTH, DAY, CREATOR_ID, CREATED) VALUES (619, 1, 'JULY', 19, 1, CURRENT_TIMESTAMP);
INSERT INTO CAT_DAY_IN_YEAR(ID, VERSION, MONTH, DAY, CREATOR_ID, CREATED) VALUES (620, 1, 'JULY', 20, 1, CURRENT_TIMESTAMP);
INSERT INTO CAT_DAY_IN_YEAR(ID, VERSION, MONTH, DAY, CREATOR_ID, CREATED) VALUES (621, 1, 'JULY', 21, 1, CURRENT_TIMESTAMP);
INSERT INTO CAT_DAY_IN_YEAR(ID, VERSION, MONTH, DAY, CREATOR_ID, CREATED) VALUES (622, 1, 'JULY', 22, 1, CURRENT_TIMESTAMP);
INSERT INTO CAT_DAY_IN_YEAR(ID, VERSION, MONTH, DAY, CREATOR_ID, CREATED) VALUES (623, 1, 'JULY', 23, 1, CURRENT_TIMESTAMP);
INSERT INTO CAT_DAY_IN_YEAR(ID, VERSION, MONTH, DAY, CREATOR_ID, CREATED) VALUES (624, 1, 'JULY', 24, 1, CURRENT_TIMESTAMP);
INSERT INTO CAT_DAY_IN_YEAR(ID, VERSION, MONTH, DAY, CREATOR_ID, CREATED) VALUES (625, 1, 'JULY', 25, 1, CURRENT_TIMESTAMP);
INSERT INTO CAT_DAY_IN_YEAR(ID, VERSION, MONTH, DAY, CREATOR_ID, CREATED) VALUES (626, 1, 'JULY', 26, 1, CURRENT_TIMESTAMP);
INSERT INTO CAT_DAY_IN_YEAR(ID, VERSION, MONTH, DAY, CREATOR_ID, CREATED) VALUES (627, 1, 'JULY', 27, 1, CURRENT_TIMESTAMP);
INSERT INTO CAT_DAY_IN_YEAR(ID, VERSION, MONTH, DAY, CREATOR_ID, CREATED) VALUES (628, 1, 'JULY', 28, 1, CURRENT_TIMESTAMP);
INSERT INTO CAT_DAY_IN_YEAR(ID, VERSION, MONTH, DAY, CREATOR_ID, CREATED) VALUES (629, 1, 'JULY', 29, 1, CURRENT_TIMESTAMP);
INSERT INTO CAT_DAY_IN_YEAR(ID, VERSION, MONTH, DAY, CREATOR_ID, CREATED) VALUES (630, 1, 'JULY', 30, 1, CURRENT_TIMESTAMP);
INSERT INTO CAT_DAY_IN_YEAR(ID, VERSION, MONTH, DAY, CREATOR_ID, CREATED) VALUES (631, 1, 'JULY', 31, 1, CURRENT_TIMESTAMP);
INSERT INTO CAT_DAY_IN_YEAR(ID, VERSION, MONTH, DAY, CREATOR_ID, CREATED) VALUES (701, 1, 'AUGUST', 1, 1, CURRENT_TIMESTAMP);
INSERT INTO CAT_DAY_IN_YEAR(ID, VERSION, MONTH, DAY, CREATOR_ID, CREATED) VALUES (702, 1, 'AUGUST', 2, 1, CURRENT_TIMESTAMP);
INSERT INTO CAT_DAY_IN_YEAR(ID, VERSION, MONTH, DAY, CREATOR_ID, CREATED) VALUES (703, 1, 'AUGUST', 3, 1, CURRENT_TIMESTAMP);
INSERT INTO CAT_DAY_IN_YEAR(ID, VERSION, MONTH, DAY, CREATOR_ID, CREATED) VALUES (704, 1, 'AUGUST', 4, 1, CURRENT_TIMESTAMP);
INSERT INTO CAT_DAY_IN_YEAR(ID, VERSION, MONTH, DAY, CREATOR_ID, CREATED) VALUES (705, 1, 'AUGUST', 5, 1, CURRENT_TIMESTAMP);
INSERT INTO CAT_DAY_IN_YEAR(ID, VERSION, MONTH, DAY, CREATOR_ID, CREATED) VALUES (706, 1, 'AUGUST', 6, 1, CURRENT_TIMESTAMP);
INSERT INTO CAT_DAY_IN_YEAR(ID, VERSION, MONTH, DAY, CREATOR_ID, CREATED) VALUES (707, 1, 'AUGUST', 7, 1, CURRENT_TIMESTAMP);
INSERT INTO CAT_DAY_IN_YEAR(ID, VERSION, MONTH, DAY, CREATOR_ID, CREATED) VALUES (708, 1, 'AUGUST', 8, 1, CURRENT_TIMESTAMP);
INSERT INTO CAT_DAY_IN_YEAR(ID, VERSION, MONTH, DAY, CREATOR_ID, CREATED) VALUES (709, 1, 'AUGUST', 9, 1, CURRENT_TIMESTAMP);
INSERT INTO CAT_DAY_IN_YEAR(ID, VERSION, MONTH, DAY, CREATOR_ID, CREATED) VALUES (710, 1, 'AUGUST', 10, 1, CURRENT_TIMESTAMP);
INSERT INTO CAT_DAY_IN_YEAR(ID, VERSION, MONTH, DAY, CREATOR_ID, CREATED) VALUES (711, 1, 'AUGUST', 11, 1, CURRENT_TIMESTAMP);
INSERT INTO CAT_DAY_IN_YEAR(ID, VERSION, MONTH, DAY, CREATOR_ID, CREATED) VALUES (712, 1, 'AUGUST', 12, 1, CURRENT_TIMESTAMP);
INSERT INTO CAT_DAY_IN_YEAR(ID, VERSION, MONTH, DAY, CREATOR_ID, CREATED) VALUES (713, 1, 'AUGUST', 13, 1, CURRENT_TIMESTAMP);
INSERT INTO CAT_DAY_IN_YEAR(ID, VERSION, MONTH, DAY, CREATOR_ID, CREATED) VALUES (714, 1, 'AUGUST', 14, 1, CURRENT_TIMESTAMP);
INSERT INTO CAT_DAY_IN_YEAR(ID, VERSION, MONTH, DAY, CREATOR_ID, CREATED) VALUES (715, 1, 'AUGUST', 15, 1, CURRENT_TIMESTAMP);
INSERT INTO CAT_DAY_IN_YEAR(ID, VERSION, MONTH, DAY, CREATOR_ID, CREATED) VALUES (716, 1, 'AUGUST', 16, 1, CURRENT_TIMESTAMP);
INSERT INTO CAT_DAY_IN_YEAR(ID, VERSION, MONTH, DAY, CREATOR_ID, CREATED) VALUES (717, 1, 'AUGUST', 17, 1, CURRENT_TIMESTAMP);
INSERT INTO CAT_DAY_IN_YEAR(ID, VERSION, MONTH, DAY, CREATOR_ID, CREATED) VALUES (718, 1, 'AUGUST', 18, 1, CURRENT_TIMESTAMP);
INSERT INTO CAT_DAY_IN_YEAR(ID, VERSION, MONTH, DAY, CREATOR_ID, CREATED) VALUES (719, 1, 'AUGUST', 19, 1, CURRENT_TIMESTAMP);
INSERT INTO CAT_DAY_IN_YEAR(ID, VERSION, MONTH, DAY, CREATOR_ID, CREATED) VALUES (720, 1, 'AUGUST', 20, 1, CURRENT_TIMESTAMP);
INSERT INTO CAT_DAY_IN_YEAR(ID, VERSION, MONTH, DAY, CREATOR_ID, CREATED) VALUES (721, 1, 'AUGUST', 21, 1, CURRENT_TIMESTAMP);
INSERT INTO CAT_DAY_IN_YEAR(ID, VERSION, MONTH, DAY, CREATOR_ID, CREATED) VALUES (722, 1, 'AUGUST', 22, 1, CURRENT_TIMESTAMP);
INSERT INTO CAT_DAY_IN_YEAR(ID, VERSION, MONTH, DAY, CREATOR_ID, CREATED) VALUES (723, 1, 'AUGUST', 23, 1, CURRENT_TIMESTAMP);
INSERT INTO CAT_DAY_IN_YEAR(ID, VERSION, MONTH, DAY, CREATOR_ID, CREATED) VALUES (724, 1, 'AUGUST', 24, 1, CURRENT_TIMESTAMP);
INSERT INTO CAT_DAY_IN_YEAR(ID, VERSION, MONTH, DAY, CREATOR_ID, CREATED) VALUES (725, 1, 'AUGUST', 25, 1, CURRENT_TIMESTAMP);
INSERT INTO CAT_DAY_IN_YEAR(ID, VERSION, MONTH, DAY, CREATOR_ID, CREATED) VALUES (726, 1, 'AUGUST', 26, 1, CURRENT_TIMESTAMP);
INSERT INTO CAT_DAY_IN_YEAR(ID, VERSION, MONTH, DAY, CREATOR_ID, CREATED) VALUES (727, 1, 'AUGUST', 27, 1, CURRENT_TIMESTAMP);
INSERT INTO CAT_DAY_IN_YEAR(ID, VERSION, MONTH, DAY, CREATOR_ID, CREATED) VALUES (728, 1, 'AUGUST', 28, 1, CURRENT_TIMESTAMP);
INSERT INTO CAT_DAY_IN_YEAR(ID, VERSION, MONTH, DAY, CREATOR_ID, CREATED) VALUES (729, 1, 'AUGUST', 29, 1, CURRENT_TIMESTAMP);
INSERT INTO CAT_DAY_IN_YEAR(ID, VERSION, MONTH, DAY, CREATOR_ID, CREATED) VALUES (730, 1, 'AUGUST', 30, 1, CURRENT_TIMESTAMP);
INSERT INTO CAT_DAY_IN_YEAR(ID, VERSION, MONTH, DAY, CREATOR_ID, CREATED) VALUES (731, 1, 'AUGUST', 31, 1, CURRENT_TIMESTAMP);
INSERT INTO CAT_DAY_IN_YEAR(ID, VERSION, MONTH, DAY, CREATOR_ID, CREATED) VALUES (801, 1, 'SEPTEMBER', 1, 1, CURRENT_TIMESTAMP);
INSERT INTO CAT_DAY_IN_YEAR(ID, VERSION, MONTH, DAY, CREATOR_ID, CREATED) VALUES (802, 1, 'SEPTEMBER', 2, 1, CURRENT_TIMESTAMP);
INSERT INTO CAT_DAY_IN_YEAR(ID, VERSION, MONTH, DAY, CREATOR_ID, CREATED) VALUES (803, 1, 'SEPTEMBER', 3, 1, CURRENT_TIMESTAMP);
INSERT INTO CAT_DAY_IN_YEAR(ID, VERSION, MONTH, DAY, CREATOR_ID, CREATED) VALUES (804, 1, 'SEPTEMBER', 4, 1, CURRENT_TIMESTAMP);
INSERT INTO CAT_DAY_IN_YEAR(ID, VERSION, MONTH, DAY, CREATOR_ID, CREATED) VALUES (805, 1, 'SEPTEMBER', 5, 1, CURRENT_TIMESTAMP);
INSERT INTO CAT_DAY_IN_YEAR(ID, VERSION, MONTH, DAY, CREATOR_ID, CREATED) VALUES (806, 1, 'SEPTEMBER', 6, 1, CURRENT_TIMESTAMP);
INSERT INTO CAT_DAY_IN_YEAR(ID, VERSION, MONTH, DAY, CREATOR_ID, CREATED) VALUES (807, 1, 'SEPTEMBER', 7, 1, CURRENT_TIMESTAMP);
INSERT INTO CAT_DAY_IN_YEAR(ID, VERSION, MONTH, DAY, CREATOR_ID, CREATED) VALUES (808, 1, 'SEPTEMBER', 8, 1, CURRENT_TIMESTAMP);
INSERT INTO CAT_DAY_IN_YEAR(ID, VERSION, MONTH, DAY, CREATOR_ID, CREATED) VALUES (809, 1, 'SEPTEMBER', 9, 1, CURRENT_TIMESTAMP);
INSERT INTO CAT_DAY_IN_YEAR(ID, VERSION, MONTH, DAY, CREATOR_ID, CREATED) VALUES (810, 1, 'SEPTEMBER', 10, 1, CURRENT_TIMESTAMP);
INSERT INTO CAT_DAY_IN_YEAR(ID, VERSION, MONTH, DAY, CREATOR_ID, CREATED) VALUES (811, 1, 'SEPTEMBER', 11, 1, CURRENT_TIMESTAMP);
INSERT INTO CAT_DAY_IN_YEAR(ID, VERSION, MONTH, DAY, CREATOR_ID, CREATED) VALUES (812, 1, 'SEPTEMBER', 12, 1, CURRENT_TIMESTAMP);
INSERT INTO CAT_DAY_IN_YEAR(ID, VERSION, MONTH, DAY, CREATOR_ID, CREATED) VALUES (813, 1, 'SEPTEMBER', 13, 1, CURRENT_TIMESTAMP);
INSERT INTO CAT_DAY_IN_YEAR(ID, VERSION, MONTH, DAY, CREATOR_ID, CREATED) VALUES (814, 1, 'SEPTEMBER', 14, 1, CURRENT_TIMESTAMP);
INSERT INTO CAT_DAY_IN_YEAR(ID, VERSION, MONTH, DAY, CREATOR_ID, CREATED) VALUES (815, 1, 'SEPTEMBER', 15, 1, CURRENT_TIMESTAMP);
INSERT INTO CAT_DAY_IN_YEAR(ID, VERSION, MONTH, DAY, CREATOR_ID, CREATED) VALUES (816, 1, 'SEPTEMBER', 16, 1, CURRENT_TIMESTAMP);
INSERT INTO CAT_DAY_IN_YEAR(ID, VERSION, MONTH, DAY, CREATOR_ID, CREATED) VALUES (817, 1, 'SEPTEMBER', 17, 1, CURRENT_TIMESTAMP);
INSERT INTO CAT_DAY_IN_YEAR(ID, VERSION, MONTH, DAY, CREATOR_ID, CREATED) VALUES (818, 1, 'SEPTEMBER', 18, 1, CURRENT_TIMESTAMP);
INSERT INTO CAT_DAY_IN_YEAR(ID, VERSION, MONTH, DAY, CREATOR_ID, CREATED) VALUES (819, 1, 'SEPTEMBER', 19, 1, CURRENT_TIMESTAMP);
INSERT INTO CAT_DAY_IN_YEAR(ID, VERSION, MONTH, DAY, CREATOR_ID, CREATED) VALUES (820, 1, 'SEPTEMBER', 20, 1, CURRENT_TIMESTAMP);
INSERT INTO CAT_DAY_IN_YEAR(ID, VERSION, MONTH, DAY, CREATOR_ID, CREATED) VALUES (821, 1, 'SEPTEMBER', 21, 1, CURRENT_TIMESTAMP);
INSERT INTO CAT_DAY_IN_YEAR(ID, VERSION, MONTH, DAY, CREATOR_ID, CREATED) VALUES (822, 1, 'SEPTEMBER', 22, 1, CURRENT_TIMESTAMP);
INSERT INTO CAT_DAY_IN_YEAR(ID, VERSION, MONTH, DAY, CREATOR_ID, CREATED) VALUES (823, 1, 'SEPTEMBER', 23, 1, CURRENT_TIMESTAMP);
INSERT INTO CAT_DAY_IN_YEAR(ID, VERSION, MONTH, DAY, CREATOR_ID, CREATED) VALUES (824, 1, 'SEPTEMBER', 24, 1, CURRENT_TIMESTAMP);
INSERT INTO CAT_DAY_IN_YEAR(ID, VERSION, MONTH, DAY, CREATOR_ID, CREATED) VALUES (825, 1, 'SEPTEMBER', 25, 1, CURRENT_TIMESTAMP);
INSERT INTO CAT_DAY_IN_YEAR(ID, VERSION, MONTH, DAY, CREATOR_ID, CREATED) VALUES (826, 1, 'SEPTEMBER', 26, 1, CURRENT_TIMESTAMP);
INSERT INTO CAT_DAY_IN_YEAR(ID, VERSION, MONTH, DAY, CREATOR_ID, CREATED) VALUES (827, 1, 'SEPTEMBER', 27, 1, CURRENT_TIMESTAMP);
INSERT INTO CAT_DAY_IN_YEAR(ID, VERSION, MONTH, DAY, CREATOR_ID, CREATED) VALUES (828, 1, 'SEPTEMBER', 28, 1, CURRENT_TIMESTAMP);
INSERT INTO CAT_DAY_IN_YEAR(ID, VERSION, MONTH, DAY, CREATOR_ID, CREATED) VALUES (829, 1, 'SEPTEMBER', 29, 1, CURRENT_TIMESTAMP);
INSERT INTO CAT_DAY_IN_YEAR(ID, VERSION, MONTH, DAY, CREATOR_ID, CREATED) VALUES (830, 1, 'SEPTEMBER', 30, 1, CURRENT_TIMESTAMP);
INSERT INTO CAT_DAY_IN_YEAR(ID, VERSION, MONTH, DAY, CREATOR_ID, CREATED) VALUES (901, 1, 'OCTOBER', 1, 1, CURRENT_TIMESTAMP);
INSERT INTO CAT_DAY_IN_YEAR(ID, VERSION, MONTH, DAY, CREATOR_ID, CREATED) VALUES (902, 1, 'OCTOBER', 2, 1, CURRENT_TIMESTAMP);
INSERT INTO CAT_DAY_IN_YEAR(ID, VERSION, MONTH, DAY, CREATOR_ID, CREATED) VALUES (903, 1, 'OCTOBER', 3, 1, CURRENT_TIMESTAMP);
INSERT INTO CAT_DAY_IN_YEAR(ID, VERSION, MONTH, DAY, CREATOR_ID, CREATED) VALUES (904, 1, 'OCTOBER', 4, 1, CURRENT_TIMESTAMP);
INSERT INTO CAT_DAY_IN_YEAR(ID, VERSION, MONTH, DAY, CREATOR_ID, CREATED) VALUES (905, 1, 'OCTOBER', 5, 1, CURRENT_TIMESTAMP);
INSERT INTO CAT_DAY_IN_YEAR(ID, VERSION, MONTH, DAY, CREATOR_ID, CREATED) VALUES (906, 1, 'OCTOBER', 6, 1, CURRENT_TIMESTAMP);
INSERT INTO CAT_DAY_IN_YEAR(ID, VERSION, MONTH, DAY, CREATOR_ID, CREATED) VALUES (907, 1, 'OCTOBER', 7, 1, CURRENT_TIMESTAMP);
INSERT INTO CAT_DAY_IN_YEAR(ID, VERSION, MONTH, DAY, CREATOR_ID, CREATED) VALUES (908, 1, 'OCTOBER', 8, 1, CURRENT_TIMESTAMP);
INSERT INTO CAT_DAY_IN_YEAR(ID, VERSION, MONTH, DAY, CREATOR_ID, CREATED) VALUES (909, 1, 'OCTOBER', 9, 1, CURRENT_TIMESTAMP);
INSERT INTO CAT_DAY_IN_YEAR(ID, VERSION, MONTH, DAY, CREATOR_ID, CREATED) VALUES (910, 1, 'OCTOBER', 10, 1, CURRENT_TIMESTAMP);
INSERT INTO CAT_DAY_IN_YEAR(ID, VERSION, MONTH, DAY, CREATOR_ID, CREATED) VALUES (911, 1, 'OCTOBER', 11, 1, CURRENT_TIMESTAMP);
INSERT INTO CAT_DAY_IN_YEAR(ID, VERSION, MONTH, DAY, CREATOR_ID, CREATED) VALUES (912, 1, 'OCTOBER', 12, 1, CURRENT_TIMESTAMP);
INSERT INTO CAT_DAY_IN_YEAR(ID, VERSION, MONTH, DAY, CREATOR_ID, CREATED) VALUES (913, 1, 'OCTOBER', 13, 1, CURRENT_TIMESTAMP);
INSERT INTO CAT_DAY_IN_YEAR(ID, VERSION, MONTH, DAY, CREATOR_ID, CREATED) VALUES (914, 1, 'OCTOBER', 14, 1, CURRENT_TIMESTAMP);
INSERT INTO CAT_DAY_IN_YEAR(ID, VERSION, MONTH, DAY, CREATOR_ID, CREATED) VALUES (915, 1, 'OCTOBER', 15, 1, CURRENT_TIMESTAMP);
INSERT INTO CAT_DAY_IN_YEAR(ID, VERSION, MONTH, DAY, CREATOR_ID, CREATED) VALUES (916, 1, 'OCTOBER', 16, 1, CURRENT_TIMESTAMP);
INSERT INTO CAT_DAY_IN_YEAR(ID, VERSION, MONTH, DAY, CREATOR_ID, CREATED) VALUES (917, 1, 'OCTOBER', 17, 1, CURRENT_TIMESTAMP);
INSERT INTO CAT_DAY_IN_YEAR(ID, VERSION, MONTH, DAY, CREATOR_ID, CREATED) VALUES (918, 1, 'OCTOBER', 18, 1, CURRENT_TIMESTAMP);
INSERT INTO CAT_DAY_IN_YEAR(ID, VERSION, MONTH, DAY, CREATOR_ID, CREATED) VALUES (919, 1, 'OCTOBER', 19, 1, CURRENT_TIMESTAMP);
INSERT INTO CAT_DAY_IN_YEAR(ID, VERSION, MONTH, DAY, CREATOR_ID, CREATED) VALUES (920, 1, 'OCTOBER', 20, 1, CURRENT_TIMESTAMP);
INSERT INTO CAT_DAY_IN_YEAR(ID, VERSION, MONTH, DAY, CREATOR_ID, CREATED) VALUES (921, 1, 'OCTOBER', 21, 1, CURRENT_TIMESTAMP);
INSERT INTO CAT_DAY_IN_YEAR(ID, VERSION, MONTH, DAY, CREATOR_ID, CREATED) VALUES (922, 1, 'OCTOBER', 22, 1, CURRENT_TIMESTAMP);
INSERT INTO CAT_DAY_IN_YEAR(ID, VERSION, MONTH, DAY, CREATOR_ID, CREATED) VALUES (923, 1, 'OCTOBER', 23, 1, CURRENT_TIMESTAMP);
INSERT INTO CAT_DAY_IN_YEAR(ID, VERSION, MONTH, DAY, CREATOR_ID, CREATED) VALUES (924, 1, 'OCTOBER', 24, 1, CURRENT_TIMESTAMP);
INSERT INTO CAT_DAY_IN_YEAR(ID, VERSION, MONTH, DAY, CREATOR_ID, CREATED) VALUES (925, 1, 'OCTOBER', 25, 1, CURRENT_TIMESTAMP);
INSERT INTO CAT_DAY_IN_YEAR(ID, VERSION, MONTH, DAY, CREATOR_ID, CREATED) VALUES (926, 1, 'OCTOBER', 26, 1, CURRENT_TIMESTAMP);
INSERT INTO CAT_DAY_IN_YEAR(ID, VERSION, MONTH, DAY, CREATOR_ID, CREATED) VALUES (927, 1, 'OCTOBER', 27, 1, CURRENT_TIMESTAMP);
INSERT INTO CAT_DAY_IN_YEAR(ID, VERSION, MONTH, DAY, CREATOR_ID, CREATED) VALUES (928, 1, 'OCTOBER', 28, 1, CURRENT_TIMESTAMP);
INSERT INTO CAT_DAY_IN_YEAR(ID, VERSION, MONTH, DAY, CREATOR_ID, CREATED) VALUES (929, 1, 'OCTOBER', 29, 1, CURRENT_TIMESTAMP);
INSERT INTO CAT_DAY_IN_YEAR(ID, VERSION, MONTH, DAY, CREATOR_ID, CREATED) VALUES (930, 1, 'OCTOBER', 30, 1, CURRENT_TIMESTAMP);
INSERT INTO CAT_DAY_IN_YEAR(ID, VERSION, MONTH, DAY, CREATOR_ID, CREATED) VALUES (931, 1, 'OCTOBER', 31, 1, CURRENT_TIMESTAMP);
INSERT INTO CAT_DAY_IN_YEAR(ID, VERSION, MONTH, DAY, CREATOR_ID, CREATED) VALUES (1001, 1, 'NOVEMBER', 1, 1, CURRENT_TIMESTAMP);
INSERT INTO CAT_DAY_IN_YEAR(ID, VERSION, MONTH, DAY, CREATOR_ID, CREATED) VALUES (1002, 1, 'NOVEMBER', 2, 1, CURRENT_TIMESTAMP);
INSERT INTO CAT_DAY_IN_YEAR(ID, VERSION, MONTH, DAY, CREATOR_ID, CREATED) VALUES (1003, 1, 'NOVEMBER', 3, 1, CURRENT_TIMESTAMP);
INSERT INTO CAT_DAY_IN_YEAR(ID, VERSION, MONTH, DAY, CREATOR_ID, CREATED) VALUES (1004, 1, 'NOVEMBER', 4, 1, CURRENT_TIMESTAMP);
INSERT INTO CAT_DAY_IN_YEAR(ID, VERSION, MONTH, DAY, CREATOR_ID, CREATED) VALUES (1005, 1, 'NOVEMBER', 5, 1, CURRENT_TIMESTAMP);
INSERT INTO CAT_DAY_IN_YEAR(ID, VERSION, MONTH, DAY, CREATOR_ID, CREATED) VALUES (1006, 1, 'NOVEMBER', 6, 1, CURRENT_TIMESTAMP);
INSERT INTO CAT_DAY_IN_YEAR(ID, VERSION, MONTH, DAY, CREATOR_ID, CREATED) VALUES (1007, 1, 'NOVEMBER', 7, 1, CURRENT_TIMESTAMP);
INSERT INTO CAT_DAY_IN_YEAR(ID, VERSION, MONTH, DAY, CREATOR_ID, CREATED) VALUES (1008, 1, 'NOVEMBER', 8, 1, CURRENT_TIMESTAMP);
INSERT INTO CAT_DAY_IN_YEAR(ID, VERSION, MONTH, DAY, CREATOR_ID, CREATED) VALUES (1009, 1, 'NOVEMBER', 9, 1, CURRENT_TIMESTAMP);
INSERT INTO CAT_DAY_IN_YEAR(ID, VERSION, MONTH, DAY, CREATOR_ID, CREATED) VALUES (1010, 1, 'NOVEMBER', 10, 1, CURRENT_TIMESTAMP);
INSERT INTO CAT_DAY_IN_YEAR(ID, VERSION, MONTH, DAY, CREATOR_ID, CREATED) VALUES (1011, 1, 'NOVEMBER', 11, 1, CURRENT_TIMESTAMP);
INSERT INTO CAT_DAY_IN_YEAR(ID, VERSION, MONTH, DAY, CREATOR_ID, CREATED) VALUES (1012, 1, 'NOVEMBER', 12, 1, CURRENT_TIMESTAMP);
INSERT INTO CAT_DAY_IN_YEAR(ID, VERSION, MONTH, DAY, CREATOR_ID, CREATED) VALUES (1013, 1, 'NOVEMBER', 13, 1, CURRENT_TIMESTAMP);
INSERT INTO CAT_DAY_IN_YEAR(ID, VERSION, MONTH, DAY, CREATOR_ID, CREATED) VALUES (1014, 1, 'NOVEMBER', 14, 1, CURRENT_TIMESTAMP);
INSERT INTO CAT_DAY_IN_YEAR(ID, VERSION, MONTH, DAY, CREATOR_ID, CREATED) VALUES (1015, 1, 'NOVEMBER', 15, 1, CURRENT_TIMESTAMP);
INSERT INTO CAT_DAY_IN_YEAR(ID, VERSION, MONTH, DAY, CREATOR_ID, CREATED) VALUES (1016, 1, 'NOVEMBER', 16, 1, CURRENT_TIMESTAMP);
INSERT INTO CAT_DAY_IN_YEAR(ID, VERSION, MONTH, DAY, CREATOR_ID, CREATED) VALUES (1017, 1, 'NOVEMBER', 17, 1, CURRENT_TIMESTAMP);
INSERT INTO CAT_DAY_IN_YEAR(ID, VERSION, MONTH, DAY, CREATOR_ID, CREATED) VALUES (1018, 1, 'NOVEMBER', 18, 1, CURRENT_TIMESTAMP);
INSERT INTO CAT_DAY_IN_YEAR(ID, VERSION, MONTH, DAY, CREATOR_ID, CREATED) VALUES (1019, 1, 'NOVEMBER', 19, 1, CURRENT_TIMESTAMP);
INSERT INTO CAT_DAY_IN_YEAR(ID, VERSION, MONTH, DAY, CREATOR_ID, CREATED) VALUES (1020, 1, 'NOVEMBER', 20, 1, CURRENT_TIMESTAMP);
INSERT INTO CAT_DAY_IN_YEAR(ID, VERSION, MONTH, DAY, CREATOR_ID, CREATED) VALUES (1021, 1, 'NOVEMBER', 21, 1, CURRENT_TIMESTAMP);
INSERT INTO CAT_DAY_IN_YEAR(ID, VERSION, MONTH, DAY, CREATOR_ID, CREATED) VALUES (1022, 1, 'NOVEMBER', 22, 1, CURRENT_TIMESTAMP);
INSERT INTO CAT_DAY_IN_YEAR(ID, VERSION, MONTH, DAY, CREATOR_ID, CREATED) VALUES (1023, 1, 'NOVEMBER', 23, 1, CURRENT_TIMESTAMP);
INSERT INTO CAT_DAY_IN_YEAR(ID, VERSION, MONTH, DAY, CREATOR_ID, CREATED) VALUES (1024, 1, 'NOVEMBER', 24, 1, CURRENT_TIMESTAMP);
INSERT INTO CAT_DAY_IN_YEAR(ID, VERSION, MONTH, DAY, CREATOR_ID, CREATED) VALUES (1025, 1, 'NOVEMBER', 25, 1, CURRENT_TIMESTAMP);
INSERT INTO CAT_DAY_IN_YEAR(ID, VERSION, MONTH, DAY, CREATOR_ID, CREATED) VALUES (1026, 1, 'NOVEMBER', 26, 1, CURRENT_TIMESTAMP);
INSERT INTO CAT_DAY_IN_YEAR(ID, VERSION, MONTH, DAY, CREATOR_ID, CREATED) VALUES (1027, 1, 'NOVEMBER', 27, 1, CURRENT_TIMESTAMP);
INSERT INTO CAT_DAY_IN_YEAR(ID, VERSION, MONTH, DAY, CREATOR_ID, CREATED) VALUES (1028, 1, 'NOVEMBER', 28, 1, CURRENT_TIMESTAMP);
INSERT INTO CAT_DAY_IN_YEAR(ID, VERSION, MONTH, DAY, CREATOR_ID, CREATED) VALUES (1029, 1, 'NOVEMBER', 29, 1, CURRENT_TIMESTAMP);
INSERT INTO CAT_DAY_IN_YEAR(ID, VERSION, MONTH, DAY, CREATOR_ID, CREATED) VALUES (1030, 1, 'NOVEMBER', 30, 1, CURRENT_TIMESTAMP);
INSERT INTO CAT_DAY_IN_YEAR(ID, VERSION, MONTH, DAY, CREATOR_ID, CREATED) VALUES (1101, 1, 'DECEMBER', 1, 1, CURRENT_TIMESTAMP);
INSERT INTO CAT_DAY_IN_YEAR(ID, VERSION, MONTH, DAY, CREATOR_ID, CREATED) VALUES (1102, 1, 'DECEMBER', 2, 1, CURRENT_TIMESTAMP);
INSERT INTO CAT_DAY_IN_YEAR(ID, VERSION, MONTH, DAY, CREATOR_ID, CREATED) VALUES (1103, 1, 'DECEMBER', 3, 1, CURRENT_TIMESTAMP);
INSERT INTO CAT_DAY_IN_YEAR(ID, VERSION, MONTH, DAY, CREATOR_ID, CREATED) VALUES (1104, 1, 'DECEMBER', 4, 1, CURRENT_TIMESTAMP);
INSERT INTO CAT_DAY_IN_YEAR(ID, VERSION, MONTH, DAY, CREATOR_ID, CREATED) VALUES (1105, 1, 'DECEMBER', 5, 1, CURRENT_TIMESTAMP);
INSERT INTO CAT_DAY_IN_YEAR(ID, VERSION, MONTH, DAY, CREATOR_ID, CREATED) VALUES (1106, 1, 'DECEMBER', 6, 1, CURRENT_TIMESTAMP);
INSERT INTO CAT_DAY_IN_YEAR(ID, VERSION, MONTH, DAY, CREATOR_ID, CREATED) VALUES (1107, 1, 'DECEMBER', 7, 1, CURRENT_TIMESTAMP);
INSERT INTO CAT_DAY_IN_YEAR(ID, VERSION, MONTH, DAY, CREATOR_ID, CREATED) VALUES (1108, 1, 'DECEMBER', 8, 1, CURRENT_TIMESTAMP);
INSERT INTO CAT_DAY_IN_YEAR(ID, VERSION, MONTH, DAY, CREATOR_ID, CREATED) VALUES (1109, 1, 'DECEMBER', 9, 1, CURRENT_TIMESTAMP);
INSERT INTO CAT_DAY_IN_YEAR(ID, VERSION, MONTH, DAY, CREATOR_ID, CREATED) VALUES (1110, 1, 'DECEMBER', 10, 1, CURRENT_TIMESTAMP);
INSERT INTO CAT_DAY_IN_YEAR(ID, VERSION, MONTH, DAY, CREATOR_ID, CREATED) VALUES (1111, 1, 'DECEMBER', 11, 1, CURRENT_TIMESTAMP);
INSERT INTO CAT_DAY_IN_YEAR(ID, VERSION, MONTH, DAY, CREATOR_ID, CREATED) VALUES (1112, 1, 'DECEMBER', 12, 1, CURRENT_TIMESTAMP);
INSERT INTO CAT_DAY_IN_YEAR(ID, VERSION, MONTH, DAY, CREATOR_ID, CREATED) VALUES (1113, 1, 'DECEMBER', 13, 1, CURRENT_TIMESTAMP);
INSERT INTO CAT_DAY_IN_YEAR(ID, VERSION, MONTH, DAY, CREATOR_ID, CREATED) VALUES (1114, 1, 'DECEMBER', 14, 1, CURRENT_TIMESTAMP);
INSERT INTO CAT_DAY_IN_YEAR(ID, VERSION, MONTH, DAY, CREATOR_ID, CREATED) VALUES (1115, 1, 'DECEMBER', 15, 1, CURRENT_TIMESTAMP);
INSERT INTO CAT_DAY_IN_YEAR(ID, VERSION, MONTH, DAY, CREATOR_ID, CREATED) VALUES (1116, 1, 'DECEMBER', 16, 1, CURRENT_TIMESTAMP);
INSERT INTO CAT_DAY_IN_YEAR(ID, VERSION, MONTH, DAY, CREATOR_ID, CREATED) VALUES (1117, 1, 'DECEMBER', 17, 1, CURRENT_TIMESTAMP);
INSERT INTO CAT_DAY_IN_YEAR(ID, VERSION, MONTH, DAY, CREATOR_ID, CREATED) VALUES (1118, 1, 'DECEMBER', 18, 1, CURRENT_TIMESTAMP);
INSERT INTO CAT_DAY_IN_YEAR(ID, VERSION, MONTH, DAY, CREATOR_ID, CREATED) VALUES (1119, 1, 'DECEMBER', 19, 1, CURRENT_TIMESTAMP);
INSERT INTO CAT_DAY_IN_YEAR(ID, VERSION, MONTH, DAY, CREATOR_ID, CREATED) VALUES (1120, 1, 'DECEMBER', 20, 1, CURRENT_TIMESTAMP);
INSERT INTO CAT_DAY_IN_YEAR(ID, VERSION, MONTH, DAY, CREATOR_ID, CREATED) VALUES (1121, 1, 'DECEMBER', 21, 1, CURRENT_TIMESTAMP);
INSERT INTO CAT_DAY_IN_YEAR(ID, VERSION, MONTH, DAY, CREATOR_ID, CREATED) VALUES (1122, 1, 'DECEMBER', 22, 1, CURRENT_TIMESTAMP);
INSERT INTO CAT_DAY_IN_YEAR(ID, VERSION, MONTH, DAY, CREATOR_ID, CREATED) VALUES (1123, 1, 'DECEMBER', 23, 1, CURRENT_TIMESTAMP);
INSERT INTO CAT_DAY_IN_YEAR(ID, VERSION, MONTH, DAY, CREATOR_ID, CREATED) VALUES (1124, 1, 'DECEMBER', 24, 1, CURRENT_TIMESTAMP);
INSERT INTO CAT_DAY_IN_YEAR(ID, VERSION, MONTH, DAY, CREATOR_ID, CREATED) VALUES (1125, 1, 'DECEMBER', 25, 1, CURRENT_TIMESTAMP);
INSERT INTO CAT_DAY_IN_YEAR(ID, VERSION, MONTH, DAY, CREATOR_ID, CREATED) VALUES (1126, 1, 'DECEMBER', 26, 1, CURRENT_TIMESTAMP);
INSERT INTO CAT_DAY_IN_YEAR(ID, VERSION, MONTH, DAY, CREATOR_ID, CREATED) VALUES (1127, 1, 'DECEMBER', 27, 1, CURRENT_TIMESTAMP);
INSERT INTO CAT_DAY_IN_YEAR(ID, VERSION, MONTH, DAY, CREATOR_ID, CREATED) VALUES (1128, 1, 'DECEMBER', 28, 1, CURRENT_TIMESTAMP);
INSERT INTO CAT_DAY_IN_YEAR(ID, VERSION, MONTH, DAY, CREATOR_ID, CREATED) VALUES (1129, 1, 'DECEMBER', 29, 1, CURRENT_TIMESTAMP);
INSERT INTO CAT_DAY_IN_YEAR(ID, VERSION, MONTH, DAY, CREATOR_ID, CREATED) VALUES (1130, 1, 'DECEMBER', 30, 1, CURRENT_TIMESTAMP);
INSERT INTO CAT_DAY_IN_YEAR(ID, VERSION, MONTH, DAY, CREATOR_ID, CREATED) VALUES (1131, 1, 'DECEMBER', 31, 1, CURRENT_TIMESTAMP);

/* Customer Category */
INSERT INTO CRM_CUSTOMER_CATEGORY (id, disabled, version, created, code, description, exonerated_from_taxes,provider_id, creator_id) VALUES (1, false, 0, CURRENT_TIMESTAMP, 'PROSPECT', 'Prospect',false, 1, 1);
INSERT INTO CRM_CUSTOMER_CATEGORY (id, disabled, version, created, code, description, exonerated_from_taxes,provider_id, creator_id) VALUES (2, false, 0, CURRENT_TIMESTAMP, 'CLIENT', 'Client',false, 1, 1);

/* Customer Brand */
INSERT INTO CRM_CUSTOMER_BRAND (id, disabled, version, created, code, description, provider_id, creator_id) VALUES (1, false, 0, CURRENT_TIMESTAMP, 'DEFAULT', 'Demo Product and Services', 1, 1);

/* Trading Language */
insert into billing_trading_language (id, version, disabled, created, provider_id, creator_id, language_id, pr_description) values (1, 0, false, CURRENT_TIMESTAMP, 1, 1, 2, 'English');
insert into billing_trading_language (id, version, disabled, created, provider_id, creator_id, language_id, pr_description) values (2, 0, false, CURRENT_TIMESTAMP, 1, 1, 12, 'French');

/* Trading Currency */
insert into billing_trading_currency (id, version, disabled, created, provider_id, creator_id, currency_id, pr_description) values (1, 0, false, CURRENT_TIMESTAMP, 1, 1, 49, 'US Dollar');
insert into billing_trading_currency (id, version, disabled, created, provider_id, creator_id, currency_id, pr_description) values (2, 0, false, CURRENT_TIMESTAMP, 1, 1, 5, 'France');

/* Trading Country */
insert into billing_trading_country (id, version, disabled, created, provider_id, creator_id, country_id, pr_description) values (1, 0, false, CURRENT_TIMESTAMP, 1, 1, 220, 'United States');
insert into billing_trading_country (id, version, disabled, created, provider_id, creator_id, country_id, pr_description) values (2, 0, false, CURRENT_TIMESTAMP, 1, 1, 70, 'France');

/* Monthly Calendar */
insert into cat_calendar (cal_type,id, version, disabled, created, provider_id, creator_id, code, description) values ('YEARLY',1, 0, false, CURRENT_TIMESTAMP, 1, 1, 'MONTHLY', 'Monthly Calendar');
insert into cat_calendar_days (calendar_id, day_id) values (1, 1);
insert into cat_calendar_days (calendar_id, day_id) values (1, 101);
insert into cat_calendar_days (calendar_id, day_id) values (1, 201);
insert into cat_calendar_days (calendar_id, day_id) values (1, 301);
insert into cat_calendar_days (calendar_id, day_id) values (1, 401);
insert into cat_calendar_days (calendar_id, day_id) values (1, 501);
insert into cat_calendar_days (calendar_id, day_id) values (1, 601);
insert into cat_calendar_days (calendar_id, day_id) values (1, 701);
insert into cat_calendar_days (calendar_id, day_id) values (1, 801);
insert into cat_calendar_days (calendar_id, day_id) values (1, 901);
insert into cat_calendar_days (calendar_id, day_id) values (1, 1001);
insert into cat_calendar_days (calendar_id, day_id) values (1, 1101);

insert into cat_calendar (cal_type,id, version, disabled, created, provider_id, creator_id, code, description,PERIOD_LENGTH, NB_PERIODS) values ('PERIOD',2, 0, false, CURRENT_TIMESTAMP, 1, 1, 'One period', 'One period Calendar',7,1);
insert into cat_calendar (cal_type,id, version, disabled, created, provider_id, creator_id, code, description,PERIOD_LENGTH, NB_PERIODS) values ('PERIOD',3, 0, false, CURRENT_TIMESTAMP, 1, 1, 'Multi period', 'Multi period Calendar',7,6);

/* Tax */
insert into billing_tax (id, version, disabled, created, provider_id, creator_id, code, description, tax_percentage) values (1, 0, false, CURRENT_TIMESTAMP, 1, 1, 'TAX_00', '0 Percent Tax', 0);
insert into billing_tax (id, version, disabled, created, provider_id, creator_id, code, description, tax_percentage) values (2, 0, false, CURRENT_TIMESTAMP, 1, 1, 'TAX_05', '5 Percent Tax', 5);
insert into billing_tax (id, version, disabled, created, provider_id, creator_id, code, description, tax_percentage) values (3, 0, false, CURRENT_TIMESTAMP, 1, 1, 'TAX_18', '18 Percent Tax', 18);

/* Invoice Category */
insert into BILLING_INVOICE_CAT (id, version, disabled, created, provider_id, creator_id, code, description, sort_index) values (1, 0, false, CURRENT_TIMESTAMP, 1, 1, 'CONSUMPTION', 'Consumption', 1);
insert into BILLING_INVOICE_CAT (id, version, disabled, created, provider_id, creator_id, code, description, sort_index) values (2, 0, false, CURRENT_TIMESTAMP, 1, 1, 'SUBSCRIPTION', 'Subscription', 2);

/* Invoice Sub Category */
insert into BILLING_INVOICE_SUB_CAT (id, version, disabled, created, provider_id, creator_id, code, description, accounting_code, invoice_category_id) values (1, 0, false, CURRENT_TIMESTAMP, 1, 1, 'CMP_DATA', 'Consumption Data', '120.121.21.2',  1);
insert into BILLING_INVOICE_SUB_CAT (id, version, disabled, created, provider_id, creator_id, code, description, accounting_code, invoice_category_id) values (2, 0, false, CURRENT_TIMESTAMP, 1, 1, 'SUB_DATA', 'Subscription Data', '120.121.21.4',  2);

insert into BILLING_INV_SUB_CAT_COUNTRY (id, version, disabled, created, provider_id, creator_id, invoice_sub_category_id, tax_id, trading_country_id) values (1, 0, false, CURRENT_TIMESTAMP, 1, 1, 1, 1, 1);
insert into BILLING_INV_SUB_CAT_COUNTRY (id, version, disabled, created, provider_id, creator_id, invoice_sub_category_id, tax_id, trading_country_id) values (2, 0, false, CURRENT_TIMESTAMP, 1, 1, 1, 2, 2);
insert into BILLING_INV_SUB_CAT_COUNTRY (id, version, disabled, created, provider_id, creator_id, invoice_sub_category_id, tax_id, trading_country_id) values (3, 0, false, CURRENT_TIMESTAMP, 1, 1, 2, 1, 1);
insert into BILLING_INV_SUB_CAT_COUNTRY (id, version, disabled, created, provider_id, creator_id, invoice_sub_category_id, tax_id, trading_country_id) values (4, 0, false, CURRENT_TIMESTAMP, 1, 1, 2, 2, 2);

/* Billing Cycle */
insert into BILLING_CYCLE (id, version, disabled, created, provider_id, creator_id, code, description, billing_template_name, due_date_delay, invoice_date_delay, calendar) values (1, 0, false, CURRENT_TIMESTAMP, 1, 1, 'CYC_INV_MT_1', 'Monthly Invoice Cycle 1', '1', 2, 4, 1);
insert into BILLING_CYCLE (id, version, disabled, created, provider_id, creator_id, code, description, billing_template_name, due_date_delay, invoice_date_delay, calendar) values (2, 0, false, CURRENT_TIMESTAMP, 1, 1, 'CYC_INV_MT_2', 'Monthly Invoice Cycle 2', '1', 2, 4, 1);

/* Primary Contact */
insert into CRM_PROVIDER_CONTACT (id, version, disabled, created, provider_id, creator_id, code, description, lastname, firstname, email, phone, address_zipcode, address_city) values (1, 0, false, CURRENT_TIMESTAMP, 1, 1, 'DEMO_ADMIN', 'Demo Administrator', 'Admin', 'Admin', 'contact@manaty.net', '09152154716', '21000', 'DIJON');

/* Seller */
insert into crm_seller (id, version, disabled, created, provider_id, creator_id, code, description, parent_seller_id, trading_currency_id, trading_language_id) values (1, 0, false, CURRENT_TIMESTAMP, 1, 1, 'MAIN_SELLER', 'Demo Distributor', null, 1, 1);
insert into crm_seller (id, version, disabled, created, provider_id, creator_id, code, description, parent_seller_id, trading_currency_id, trading_language_id) values (2, 0, false, CURRENT_TIMESTAMP, 1, 1, 'SELLER_US', 'US Seller',1, 1, 1);
insert into crm_seller (id, version, disabled, created, provider_id, creator_id, code, description, parent_seller_id, trading_currency_id, trading_language_id) values (3, 0, false, CURRENT_TIMESTAMP, 1, 1, 'SELLER_FR', 'France Seller',1, 2, 2);

/* Termination Reasons */
insert into BILLING_SUBSCRIP_TERMIN_REASON (id, version, code, description, apply_agreement, apply_reimbursment, apply_termination_charges) values (1, 0, 'TERM_REASON_1', 'Agreement Reimbursement Charge', true, true, true);
insert into BILLING_SUBSCRIP_TERMIN_REASON (id, version, code, description, apply_agreement, apply_reimbursment, apply_termination_charges) values (2, 0, 'TERM_REASON_2', 'Agreement', true, false, false);
insert into BILLING_SUBSCRIP_TERMIN_REASON (id, version, code, description, apply_agreement, apply_reimbursment, apply_termination_charges) values (3, 0, 'TERM_REASON_3', 'Charge', false, true, false);


/* AR_OCC_TEMPLATE  */
Insert into AR_OCC_TEMPLATE (ID,VERSION,DISABLED,CREATED,UPDATED,ACCOUNT_CODE,ACCOUNT_CODE_CLIENT_SIDE,CODE,DESCRIPTION,OCC_CATEGORY,PROVIDER_ID,CREATOR_ID,UPDATER_ID) values (1,0,false,CURRENT_TIMESTAMP,null,'90590,41115,00000,000,0000,00000000,00000','90590,51214170,00000,000,0000,00000000,00000','RG_CHQ','Règlement par chèque','CREDIT',1,null,null);
Insert into AR_OCC_TEMPLATE (ID,VERSION,DISABLED,CREATED,UPDATED,ACCOUNT_CODE,ACCOUNT_CODE_CLIENT_SIDE,CODE,DESCRIPTION,OCC_CATEGORY,PROVIDER_ID,CREATOR_ID,UPDATER_ID) values (2,0,false,CURRENT_TIMESTAMP,null,'90590,41115,00000,000,0000,00000000,00000','90590,51214170,00000,000,0000,00000000,00000','RG_TIP','Règlement par TIP','CREDIT',1,null,null);
Insert into AR_OCC_TEMPLATE (ID,VERSION,DISABLED,CREATED,UPDATED,ACCOUNT_CODE,ACCOUNT_CODE_CLIENT_SIDE,CODE,DESCRIPTION,OCC_CATEGORY,PROVIDER_ID,CREATOR_ID,UPDATER_ID) values (3,0,false,CURRENT_TIMESTAMP,null,'90590,41115,00000,000,0000,00000000,00000','90590,51214170,00000,000,0000,00000000,00000','RG_PLVT','Prélèvement','CREDIT',1,null,null);
Insert into AR_OCC_TEMPLATE (ID,VERSION,DISABLED,CREATED,UPDATED,ACCOUNT_CODE,ACCOUNT_CODE_CLIENT_SIDE,CODE,DESCRIPTION,OCC_CATEGORY,PROVIDER_ID,CREATOR_ID,UPDATER_ID) values (4,0,false,CURRENT_TIMESTAMP,null,'90590,41115,00000,000,0000,00000000,00000','90590,51214170,00000,000,0000,00000000,00000','RG_VIRT','Avis de crédit (virement)','CREDIT',1,null,null);
Insert into AR_OCC_TEMPLATE (ID,VERSION,DISABLED,CREATED,UPDATED,ACCOUNT_CODE,ACCOUNT_CODE_CLIENT_SIDE,CODE,DESCRIPTION,OCC_CATEGORY,PROVIDER_ID,CREATOR_ID,UPDATER_ID) values (5,0,false,CURRENT_TIMESTAMP,null,'90590,41115,00000,000,0000,00000000,00000','90590,51214170,00000,000,0000,00000000,00000','IP_CHQ','Chèque impayé','DEBIT',1,null,null);
Insert into AR_OCC_TEMPLATE (ID,VERSION,DISABLED,CREATED,UPDATED,ACCOUNT_CODE,ACCOUNT_CODE_CLIENT_SIDE,CODE,DESCRIPTION,OCC_CATEGORY,PROVIDER_ID,CREATOR_ID,UPDATER_ID) values (6,0,false,CURRENT_TIMESTAMP,null,'90590,41115,00000,000,0000,00000000,00000','90590,51214170,00000,000,0000,00000000,00000','IP_PLVT','Rejet de Prèlèvement','DEBIT',1,null,null);
Insert into AR_OCC_TEMPLATE (ID,VERSION,DISABLED,CREATED,UPDATED,ACCOUNT_CODE,ACCOUNT_CODE_CLIENT_SIDE,CODE,DESCRIPTION,OCC_CATEGORY,PROVIDER_ID,CREATOR_ID,UPDATER_ID) values (7,0,false,CURRENT_TIMESTAMP,null,'90590,41115,00000,000,0000,00000000,00000','90590,51214170,00000,000,0000,00000000,00000','IP_TIP','Impayé TIP','DEBIT',1,null,null);
Insert into AR_OCC_TEMPLATE (ID,VERSION,DISABLED,CREATED,UPDATED,ACCOUNT_CODE,ACCOUNT_CODE_CLIENT_SIDE,CODE,DESCRIPTION,OCC_CATEGORY,PROVIDER_ID,CREATOR_ID,UPDATER_ID) values (8,0,false,CURRENT_TIMESTAMP,null,'90590,4191,00000,000,0000,00000000,00000','90590,51214170,00000,000,0000,00000000,00000','RG_CHQNI','Règlement par chèque sur compte NI','CREDIT',1,null,null);
Insert into AR_OCC_TEMPLATE (ID,VERSION,DISABLED,CREATED,UPDATED,ACCOUNT_CODE,ACCOUNT_CODE_CLIENT_SIDE,CODE,DESCRIPTION,OCC_CATEGORY,PROVIDER_ID,CREATOR_ID,UPDATER_ID) values (9,0,false,CURRENT_TIMESTAMP,null,'90590,4191,00000,000,0000,00000000,00000','90590,51214170,00000,000,0000,00000000,00000','RG_VIRTNI','Règlement par virement sur compte NI','CREDIT',1,null,null);
Insert into AR_OCC_TEMPLATE (ID,VERSION,DISABLED,CREATED,UPDATED,ACCOUNT_CODE,ACCOUNT_CODE_CLIENT_SIDE,CODE,DESCRIPTION,OCC_CATEGORY,PROVIDER_ID,CREATOR_ID,UPDATER_ID) values (10,0,false,CURRENT_TIMESTAMP,null,'90590,41115,00000,000,0000,00000000,00000','90590,51214170,00000,000,0000,00000000,00000','RB_CHQ','Remboursement par chèque','DEBIT',1,null,null);
Insert into AR_OCC_TEMPLATE (ID,VERSION,DISABLED,CREATED,UPDATED,ACCOUNT_CODE,ACCOUNT_CODE_CLIENT_SIDE,CODE,DESCRIPTION,OCC_CATEGORY,PROVIDER_ID,CREATOR_ID,UPDATER_ID) values (11,0,false,CURRENT_TIMESTAMP,null,'90590,41115,00000,000,0000,00000000,00000','90590,51214170,00000,000,0000,00000000,00000','RB_PLVT','Remboursement par prélèvement','DEBIT',1,null,null);
Insert into AR_OCC_TEMPLATE (ID,VERSION,DISABLED,CREATED,UPDATED,ACCOUNT_CODE,ACCOUNT_CODE_CLIENT_SIDE,CODE,DESCRIPTION,OCC_CATEGORY,PROVIDER_ID,CREATOR_ID,UPDATER_ID) values (12,0,false,CURRENT_TIMESTAMP,null,'90590,41115,00000,000,0000,00000000,00000','90590,4721,00000,000,0000,00000000,00000','OD_CC_CL','Transfert Compte client - Compte de liaison','DEBIT',1,null,null);
Insert into AR_OCC_TEMPLATE (ID,VERSION,DISABLED,CREATED,UPDATED,ACCOUNT_CODE,ACCOUNT_CODE_CLIENT_SIDE,CODE,DESCRIPTION,OCC_CATEGORY,PROVIDER_ID,CREATOR_ID,UPDATER_ID) values (13,0,false,CURRENT_TIMESTAMP,null,'90590,4191,00000,000,0000,00000000,00000','90590,4721,00000,000,0000,00000000,00000','OD_CL_NI','Transfert Compte de liaison - Compte  NI','CREDIT',1,null,null);
Insert into AR_OCC_TEMPLATE (ID,VERSION,DISABLED,CREATED,UPDATED,ACCOUNT_CODE,ACCOUNT_CODE_CLIENT_SIDE,CODE,DESCRIPTION,OCC_CATEGORY,PROVIDER_ID,CREATOR_ID,UPDATER_ID) values (14,0,false,CURRENT_TIMESTAMP,null,'90590,4191,00000,000,0000,00000000,00000','90590,4721,00000,000,0000,00000000,00000','OD_NI_CL','Transfert Compte NI - Compte de liaison','DEBIT',1,null,null);
Insert into AR_OCC_TEMPLATE (ID,VERSION,DISABLED,CREATED,UPDATED,ACCOUNT_CODE,ACCOUNT_CODE_CLIENT_SIDE,CODE,DESCRIPTION,OCC_CATEGORY,PROVIDER_ID,CREATOR_ID,UPDATER_ID) values (15,0,false,CURRENT_TIMESTAMP,null,'90590,41115,00000,000,0000,00000000,00000','90590,4721,00000,000,0000,00000000,00000','OD_CL_CC','Transfert Compte de liaison - Compte client','CREDIT',1,null,null);
Insert into AR_OCC_TEMPLATE (ID,VERSION,DISABLED,CREATED,UPDATED,ACCOUNT_CODE,ACCOUNT_CODE_CLIENT_SIDE,CODE,DESCRIPTION,OCC_CATEGORY,PROVIDER_ID,CREATOR_ID,UPDATER_ID) values (16,0,false,CURRENT_TIMESTAMP,null,'90590,41115,00000,000,0000,00000000,00000','90590,4721,00000,000,0000,00000000,00000','OD_ODD','Débit porté directement sur compte client','DEBIT',1,null,null);
Insert into AR_OCC_TEMPLATE (ID,VERSION,DISABLED,CREATED,UPDATED,ACCOUNT_CODE,ACCOUNT_CODE_CLIENT_SIDE,CODE,DESCRIPTION,OCC_CATEGORY,PROVIDER_ID,CREATOR_ID,UPDATER_ID) values (17,0,false,CURRENT_TIMESTAMP,null,'90590,41115,00000,000,0000,00000000,00000','90590,4721,00000,000,0000,00000000,00000','OD_ODC','Crédit porté directement sur compte client','CREDIT',1,null,null);
Insert into AR_OCC_TEMPLATE (ID,VERSION,DISABLED,CREATED,UPDATED,ACCOUNT_CODE,ACCOUNT_CODE_CLIENT_SIDE,CODE,DESCRIPTION,OCC_CATEGORY,PROVIDER_ID,CREATOR_ID,UPDATER_ID) values (18,0,false,CURRENT_TIMESTAMP,null,'90590,41115,00000,000,0000,00000000,00000','90590,65870,00000,000,0000,00000000,00000','OD_PERT','Perte sur règlement','CREDIT',1,null,null);
Insert into AR_OCC_TEMPLATE (ID,VERSION,DISABLED,CREATED,UPDATED,ACCOUNT_CODE,ACCOUNT_CODE_CLIENT_SIDE,CODE,DESCRIPTION,OCC_CATEGORY,PROVIDER_ID,CREATOR_ID,UPDATER_ID) values (19,0,false,CURRENT_TIMESTAMP,null,'90590,41115,00000,000,0000,00000000,00000','90590,75870,00000,000,0000,00000000,00000','OD_PROF','Profit sur règlement','DEBIT',1,null,null);
Insert into AR_OCC_TEMPLATE (ID,VERSION,DISABLED,CREATED,UPDATED,ACCOUNT_CODE,ACCOUNT_CODE_CLIENT_SIDE,CODE,DESCRIPTION,OCC_CATEGORY,PROVIDER_ID,CREATOR_ID,UPDATER_ID) values (20,0,false,CURRENT_TIMESTAMP,null,'90590,4191,00000,000,0000,00000000,00000','90590,51214170,00000,000,0000,00000000,00000','OD_ACPT','Versement d''un acompte','CREDIT',1,null,null);
Insert into AR_OCC_TEMPLATE (ID,VERSION,DISABLED,CREATED,UPDATED,ACCOUNT_CODE,ACCOUNT_CODE_CLIENT_SIDE,CODE,DESCRIPTION,OCC_CATEGORY,PROVIDER_ID,CREATOR_ID,UPDATER_ID) values (21,0,false,CURRENT_TIMESTAMP,null,'90590,41115,00000,000,0000,00000000,00000','90590,4191,00000,000,0000,00000000,00000','OD_EXC','Enregistrement de trop perçu','DEBIT',1,null,null);
Insert into AR_OCC_TEMPLATE (ID,VERSION,DISABLED,CREATED,UPDATED,ACCOUNT_CODE,ACCOUNT_CODE_CLIENT_SIDE,CODE,DESCRIPTION,OCC_CATEGORY,PROVIDER_ID,CREATOR_ID,UPDATER_ID) values (22,0,false,CURRENT_TIMESTAMP,null,'90590,41115,00000,000,0000,00000000,00000','90590,416,00000,000,0000,00000000,00000','OD_IRRE','Passage en irrecouvrable','CREDIT',1,null,null);
Insert into AR_OCC_TEMPLATE (ID,VERSION,DISABLED,CREATED,UPDATED,ACCOUNT_CODE,ACCOUNT_CODE_CLIENT_SIDE,CODE,DESCRIPTION,OCC_CATEGORY,PROVIDER_ID,CREATOR_ID,UPDATER_ID) values (23,0,false,CURRENT_TIMESTAMP,null,'90590,41115,00000,000,0000,00000000,00000','90590,51214170,00000,000,0000,00000000,00000','OD_PREL','Pénalité de relance','DEBIT',1,null,null);
Insert into AR_OCC_TEMPLATE (ID,VERSION,DISABLED,CREATED,UPDATED,ACCOUNT_CODE,ACCOUNT_CODE_CLIENT_SIDE,CODE,DESCRIPTION,OCC_CATEGORY,PROVIDER_ID,CREATOR_ID,UPDATER_ID) values (24,0,false,CURRENT_TIMESTAMP,null,'90590,41115,00000,000,0000,00000000,00000','90590,51214170,00000,000,0000,00000000,00000','OD_PIMP','Pénalité d''impayés','DEBIT',1,null,null);
Insert into AR_OCC_TEMPLATE (ID,VERSION,DISABLED,CREATED,UPDATED,ACCOUNT_CODE,ACCOUNT_CODE_CLIENT_SIDE,CODE,DESCRIPTION,OCC_CATEGORY,PROVIDER_ID,CREATOR_ID,UPDATER_ID) values (25,0,false,CURRENT_TIMESTAMP,null,'90590,41115,00000,000,0000,00000000,00000',null,'FA_FACT','Facture','DEBIT',1,null,null);


/* UPDATE SEQUENCE - FOR MYSQL, MARIADB, REMOVE THIS LAST PART OF FILE */

DROP SEQUENCE IF EXISTS ADM_LANGUAGE_SEQ;
CREATE SEQUENCE ADM_LANGUAGE_SEQ start with 33 increment by 1;

DROP SEQUENCE IF EXISTS meveo_timer_seq;
CREATE SEQUENCE meveo_timer_seq start with 8 increment by 1;

DROP SEQUENCE IF EXISTS ADM_CURRENCY_SEQ;
CREATE SEQUENCE ADM_CURRENCY_SEQ start with 169 increment by 1;

DROP SEQUENCE IF EXISTS ADM_COUNTRY_SEQ;
CREATE SEQUENCE ADM_COUNTRY_SEQ start with 238 increment by 1;

DROP SEQUENCE IF EXISTS CRM_PROVIDER_SEQ;
CREATE SEQUENCE CRM_PROVIDER_SEQ start with 2 increment by 1;

DROP SEQUENCE IF EXISTS ADM_TITLE_SEQ;
CREATE SEQUENCE ADM_TITLE_SEQ start with 38 increment by 1;

DROP SEQUENCE IF EXISTS ADM_USER_SEQ;
CREATE SEQUENCE ADM_USER_SEQ start with 3 increment by 1;

DROP SEQUENCE IF EXISTS ADM_ROLE_SEQ;
CREATE SEQUENCE ADM_ROLE_SEQ start with 3 increment by 1;

DROP SEQUENCE IF EXISTS ADM_PERMISSION_SEQ;
CREATE SEQUENCE ADM_PERMISSION_SEQ start with 13 increment by 1;

DROP SEQUENCE IF EXISTS CAT_DAY_IN_YEAR_SEQ;
CREATE SEQUENCE CAT_DAY_IN_YEAR_SEQ start with 1132 increment by 1;

DROP SEQUENCE IF EXISTS CRM_CUSTOMER_CATEGORY_SEQ;
CREATE SEQUENCE CRM_CUSTOMER_CATEGORY_SEQ start with 3 increment by 1;

DROP SEQUENCE IF EXISTS CRM_CUSTOMER_BRAND_SEQ;
CREATE SEQUENCE CRM_CUSTOMER_BRAND_SEQ start with 3 increment by 1;

DROP SEQUENCE IF EXISTS billing_trading_language_SEQ;
CREATE SEQUENCE billing_trading_language_SEQ start with 3 increment by 1;

DROP SEQUENCE IF EXISTS billing_trading_currency_SEQ;
CREATE SEQUENCE billing_trading_currency_SEQ start with 3 increment by 1;

DROP SEQUENCE IF EXISTS cat_calendar_SEQ;
CREATE SEQUENCE cat_calendar_SEQ start with 4 increment by 1;

DROP SEQUENCE IF EXISTS billing_tax_SEQ;
CREATE SEQUENCE billing_tax_SEQ start with 4 increment by 1;

DROP SEQUENCE IF EXISTS billing_trading_country_SEQ;
CREATE SEQUENCE billing_trading_country_SEQ start with 3 increment by 1;

DROP SEQUENCE IF EXISTS BILLING_INVOICE_CAT_SEQ;
CREATE SEQUENCE BILLING_INVOICE_CAT_SEQ start with 3 increment by 1;

DROP SEQUENCE IF EXISTS BILLING_INVOICE_SUB_CAT_SEQ;
CREATE SEQUENCE BILLING_INVOICE_SUB_CAT_SEQ start with 3 increment by 1;

DROP SEQUENCE IF EXISTS BILLING_INV_SUB_CAT_COUNTRY_SEQ;
CREATE SEQUENCE BILLING_INV_SUB_CAT_COUNTRY_SEQ start with 5 increment by 1;

DROP SEQUENCE IF EXISTS BILLING_CYCLE_SEQ;
CREATE SEQUENCE BILLING_CYCLE_SEQ start with 3 increment by 1;

DROP SEQUENCE IF EXISTS CRM_PROVIDER_CONTACT_SEQ;
CREATE SEQUENCE CRM_PROVIDER_CONTACT_SEQ start with 2 increment by 1;

DROP SEQUENCE IF EXISTS crm_seller_SEQ;
CREATE SEQUENCE crm_seller_SEQ start with 4 increment by 1;

DROP SEQUENCE IF EXISTS BILLING_SUB_TERM_REASON_SEQ;
CREATE SEQUENCE BILLING_SUB_TERM_REASON_SEQ start with 4 increment by 1;
